Molecule ChEMBL ID,Molecule Name,Molecular Weight,#RO5 Violations,AlogP,Smiles,IC50
CHEMBL521686,OLAPARIB,434.47,0,2.35,O=C(c1cc(Cc2n[nH]c(=O)c3ccccc23)ccc1F)N1CCN(C(=O)C2CC2)CC1,0.1
CHEMBL3984980,,364.49,0,3.55,CC1(C)CC2=NNC(=O)c3cccc4c3c2c(n4CCN2CCCCC2)C1,0.2
CHEMBL3984980,,364.49,0,3.55,CC1(C)CC2=NNC(=O)c3cccc4c3c2c(n4CCN2CCCCC2)C1,0.2
CHEMBL3137320,TALAZOPARIB,380.36,0,2.63,Cn1ncnc1[C@H]1c2n[nH]c(=O)c3cc(F)cc(c23)N[C@@H]1c1ccc(F)cc1,0.2
CHEMBL3907010,,486.43,0,3.48,CC1CN(C(=O)c2cc(Cc3n[nH]c(=O)c4ccccc34)ccc2F)Cc2nnc(C(F)(F)F)n21,0.22
CHEMBL3907010,,486.43,0,3.48,CC1CN(C(=O)c2cc(Cc3n[nH]c(=O)c4ccccc34)ccc2F)Cc2nnc(C(F)(F)F)n21,0.22
CHEMBL3933450,,378.36,0,2.91,O=C1NN=C2CN(C(=O)OCc3ccccc3)Cc3[nH]c4cc(F)cc1c4c32,0.3
CHEMBL3975917,,324.43,0,2.62,CN(C)CCn1c2c3c4c(cccc41)C(=O)NN=C3CC(C)(C)C2,0.3
CHEMBL3929889,,342.42,0,2.76,CN(C)CCn1c2c3c4c(cc(F)cc41)C(=O)NN=C3CC(C)(C)C2,0.3
CHEMBL3926240,,352.48,0,3.4,CCN(CC)CCn1c2c3c4c(cccc41)C(=O)NN=C3CC(C)(C)C2,0.3
CHEMBL3922789,,294.31,0,1.37,O=C1NN=C2CN(C(=O)C3CC3)Cc3[nH]c4cccc1c4c32,0.3
CHEMBL3926240,,352.48,0,3.4,CCN(CC)CCn1c2c3c4c(cccc41)C(=O)NN=C3CC(C)(C)C2,0.3
CHEMBL5182405,,801.36,2,5.77,O=C(COc1ccc2c(c1)CCCN2C(=O)CCl)NCCCCCCCCCC(=O)N1CCN(C(=O)c2cc(Cc3n[nH]c(=O)c4ccccc34)ccc2F)CC1,0.32
CHEMBL521686,OLAPARIB,434.47,0,2.35,O=C(c1cc(Cc2n[nH]c(=O)c3ccccc23)ccc1F)N1CCN(C(=O)C2CC2)CC1,0.3981
CHEMBL4107982,,280.33,0,1.94,C[C@]12CCCN1CC1=NNC(=O)c3cccc4[nH]c2c1c34,0.4
CHEMBL521686,OLAPARIB,434.47,0,2.35,O=C(c1cc(Cc2n[nH]c(=O)c3ccccc23)ccc1F)N1CCN(C(=O)C2CC2)CC1,0.4
CHEMBL1173055,RUCAPARIB,323.37,0,2.98,CNCc1ccc(-c2[nH]c3cc(F)cc4c3c2CCNC4=O)cc1,0.4
CHEMBL521686,OLAPARIB,434.47,0,2.35,O=C(c1cc(Cc2n[nH]c(=O)c3ccccc23)ccc1F)N1CCN(C(=O)C2CC2)CC1,0.45
CHEMBL3901232,,340.38,0,2.7,CC(C)(C)OC(=O)N1CCC2=C(C1)Nc1cccc3c(=O)[nH]nc2c13,0.5
CHEMBL4112930,PAMIPARIB,298.32,0,2.08,C[C@]12CCCN1CC1=NNC(=O)c3cc(F)cc4[nH]c2c1c34,0.5
CHEMBL521686,OLAPARIB,434.47,0,2.35,O=C(c1cc(Cc2n[nH]c(=O)c3ccccc23)ccc1F)N1CCN(C(=O)C2CC2)CC1,0.5
CHEMBL3955609,,360.37,0,2.77,O=C1NN=C2CN(C(=O)OCc3ccccc3)Cc3[nH]c4cccc1c4c32,0.5
CHEMBL1173055,RUCAPARIB,323.37,0,2.98,CNCc1ccc(-c2[nH]c3cc(F)cc4c3c2CCNC4=O)cc1,0.5
CHEMBL1173055,RUCAPARIB,323.37,0,2.98,CNCc1ccc(-c2[nH]c3cc(F)cc4c3c2CCNC4=O)cc1,0.5
CHEMBL521686,OLAPARIB,434.47,0,2.35,O=C(c1cc(Cc2n[nH]c(=O)c3ccccc23)ccc1F)N1CCN(C(=O)C2CC2)CC1,0.5
CHEMBL3137320,TALAZOPARIB,380.36,0,2.63,Cn1ncnc1[C@H]1c2n[nH]c(=O)c3cc(F)cc(c23)N[C@@H]1c1ccc(F)cc1,0.6
CHEMBL3972156,,253.31,0,2.59,CC1(C)CC2=NNC(=O)c3cccc4[nH]c(c2c34)C1,0.6
CHEMBL3972156,,253.31,0,2.59,CC1(C)CC2=NNC(=O)c3cccc4[nH]c(c2c34)C1,0.6
CHEMBL5080271,,466.51,0,2.21,CC(C)C(=O)N1CCN(C(=O)c2cc(Cn3c(=O)[nH]c(=O)c4ccccc43)ccc2F)C[C@H]1C,0.64
CHEMBL4529965,,495.5,0,2.35,NC(=O)c1cccc2c1O/C(=C\c1ccc(C(=O)NCCc3nc4c(C(N)=O)cccc4[nH]3)cc1)C2=O,0.6457
CHEMBL3914932,,271.3,0,2.73,CC1(C)CCc2[nH]c3cc(F)cc4c3c2C1=NNC4=O,0.7
CHEMBL3914932,,271.3,0,2.73,CC1(C)CCc2[nH]c3cc(F)cc4c3c2C1=NNC4=O,0.7
CHEMBL3962648,,257.27,0,2.48,O=C1NN=C2CCCCc3[nH]c4cc(F)cc1c4c32,0.7
CHEMBL3955370,,267.33,0,3.27,CC1(C)CCC2=C(C1)c1n[nH]c(=O)c3cccc(c13)N2,0.7
CHEMBL3925115,,285.32,0,2.97,CC(C)C1CC2=NNC(=O)c3cc(F)cc4[nH]c(c2c34)C1,0.7
CHEMBL4529965,,495.5,0,2.35,NC(=O)c1cccc2c1O/C(=C\c1ccc(C(=O)NCCc3nc4c(C(N)=O)cccc4[nH]3)cc1)C2=O,0.7
CHEMBL3901034,,271.3,0,2.73,CC1(C)CC2=NNC(=O)c3c(F)ccc4[nH]c(c2c34)C1,0.7
CHEMBL3939501,,267.33,0,3.41,O=c1[nH]nc2c3c(cccc13)NC1=C2CCCCCC1,0.73
CHEMBL3952089,,239.28,0,2.63,O=c1[nH]nc2c3c(cccc13)NC1=C2CCCC1,0.77
CHEMBL3907535,,268.32,0,1.84,CC(C)N1CC2=NNC(=O)c3cccc4[nH]c(c2c34)C1,0.8
CHEMBL3929705,,243.24,0,2.09,O=C1NN=C2CCCc3[nH]c4cc(F)cc1c4c32,0.8
CHEMBL3929705,,243.24,0,2.09,O=C1NN=C2CCCc3[nH]c4cc(F)cc1c4c32,0.8
CHEMBL1173055,RUCAPARIB,323.37,0,2.98,CNCc1ccc(-c2[nH]c3cc(F)cc4c3c2CCNC4=O)cc1,0.8
CHEMBL3907535,,268.32,0,1.84,CC(C)N1CC2=NNC(=O)c3cccc4[nH]c(c2c34)C1,0.8
CHEMBL4858564,,706.81,2,3.8,Cc1c(CN2CCN(C(=O)c3cc(Cc4n[nH]c(=O)c5ccccc45)ccc3F)CC2)sc2c(N3CCOCC3)nc(-c3cnc(N)nc3)nc12,0.89
CHEMBL3893294,,253.31,0,3.02,O=c1[nH]nc2c3c(cccc13)NC1=C2CCCCC1,0.9
CHEMBL4112930,PAMIPARIB,298.32,0,2.08,C[C@]12CCCN1CC1=NNC(=O)c3cc(F)cc4[nH]c2c1c34,0.9
CHEMBL3961684,,285.28,0,2.37,CC1(C)CC2=NNC(=O)c3cc(F)cc4[nH]c(c2c34)C1=O,0.9
CHEMBL4865059,,613.7,2,2.68,Cc1c(CN2CCN(C(=O)c3cc4cccc(C(N)=O)c4o3)CC2)sc2c(N3CCOCC3)nc(-c3cnc(N)nc3)nc12,0.92
CHEMBL3644587,2X-121,317.35,0,2.39,O=c1[nH]nc2c3c(cccc13)N=C(CN1Cc3ccccc3C1)N2,1
CHEMBL609002,,322.37,0,1.28,O=C1NCC2c3c(cccc31)CCN2C(=O)CCc1cnccn1,1
CHEMBL521686,OLAPARIB,434.47,0,2.35,O=C(c1cc(Cc2n[nH]c(=O)c3ccccc23)ccc1F)N1CCN(C(=O)C2CC2)CC1,1
CHEMBL3740104,,450.5,0,2.74,N#Cc1cccnc1N1CCN(C(=O)c2cccc(Cc3n[nH]c(=O)c4ccccc34)c2)CC1,1
CHEMBL595018,,307.35,0,1.49,O=C1NCC2c3c(cccc31)CCN2C(=O)Cc1cccnc1,1
CHEMBL521686,OLAPARIB,434.47,0,2.35,O=C(c1cc(Cc2n[nH]c(=O)c3ccccc23)ccc1F)N1CCN(C(=O)C2CC2)CC1,1
CHEMBL3970252,,311.35,0,0.69,CC(C)(N)C(=O)N1CC2=NNC(=O)c3cccc4[nH]c(c2c34)C1,1
CHEMBL4067999,,451.5,0,2.33,O=C(Nc1cc(Cn2c(=O)[nH]c(=O)c3ccccc32)cnc1F)[C@H]1CCN(CCC2CC2)C1,1
CHEMBL521686,OLAPARIB,434.47,0,2.35,O=C(c1cc(Cc2n[nH]c(=O)c3ccccc23)ccc1F)N1CCN(C(=O)C2CC2)CC1,1
CHEMBL3970252,,311.35,0,0.69,CC(C)(N)C(=O)N1CC2=NNC(=O)c3cccc4[nH]c(c2c34)C1,1
CHEMBL3137320,TALAZOPARIB,380.36,0,2.63,Cn1ncnc1[C@H]1c2n[nH]c(=O)c3cc(F)cc(c23)N[C@@H]1c1ccc(F)cc1,1
CHEMBL521686,OLAPARIB,434.47,0,2.35,O=C(c1cc(Cc2n[nH]c(=O)c3ccccc23)ccc1F)N1CCN(C(=O)C2CC2)CC1,1.01
CHEMBL3969742,,239.28,0,2.34,O=C1NN=C2CCCCc3[nH]c4cccc1c4c32,1.1
CHEMBL3969742,,239.28,0,2.34,O=C1NN=C2CCCCc3[nH]c4cccc1c4c32,1.1
CHEMBL3907218,,267.33,0,2.83,CC(C)C1CC2=NNC(=O)c3cccc4[nH]c(c2c34)C1,1.1
CHEMBL4871210,,599.68,2,2.37,NC(=O)c1cccc2cc(C(=O)N3CCN(Cc4cc5nc(-c6cnc(N)nc6)nc(N6CCOCC6)c5s4)CC3)oc12,1.19
CHEMBL521686,OLAPARIB,434.47,0,2.35,O=C(c1cc(Cc2n[nH]c(=O)c3ccccc23)ccc1F)N1CCN(C(=O)C2CC2)CC1,1.2
CHEMBL3978225,,240.27,0,1.05,O=c1[nH]nc2c3c(cccc13)NC1=C2CCNC1,1.2
CHEMBL5176874,,634.67,1,4.9,COc1ccc(NC(=O)c2ccc(NC(=O)N3CCN(C(=O)c4cc(Cc5n[nH]c(=O)c6ccccc56)ccc4F)CC3)cc2)cc1,1.2
CHEMBL5072662,,492.47,0,2.98,CC[C@@H]1CN(C(=O)c2cc(Cn3c(=O)[nH]c(=O)c4ccccc43)ccc2F)CCN1CC(F)(F)F,1.24
CHEMBL4755076,,429.5,0,3.49,N#Cc1ccc(N2CCN([C@H]3C=C(c4cc5c(N)cc(F)cc5c(=O)[nH]4)CC3)CC2)cc1,1.3
CHEMBL3910080,,257.27,0,2.34,CC1CC2=NNC(=O)c3cc(F)cc4[nH]c(c2c34)C1,1.3
CHEMBL3978989,,310.36,0,2,CC(C)(C)C(=O)N1CC2=NNC(=O)c3cccc4[nH]c(c2c34)C1,1.3
CHEMBL506871,VELIPARIB,244.3,0,1.26,C[C@]1(c2nc3c(C(N)=O)cccc3[nH]2)CCCN1,1.3
CHEMBL4868231,,583.61,2,1.9,NC(=O)c1cccc2cc(C(=O)N3CCN(Cc4cc5nc(-c6cnc(N)nc6)nc(N6CCOCC6)c5o4)CC3)oc12,1.34
CHEMBL5073404,,452.53,0,2.68,CC(C)CN1CCN(C(=O)c2cc(Cn3c(=O)[nH]c(=O)c4ccccc43)ccc2F)C[C@H]1C,1.49
CHEMBL3939375,,330.39,0,2.97,O=c1[nH]nc2c3c(cccc13)NC1=C2CCN(Cc2ccccc2)C1,1.5
CHEMBL1173055,RUCAPARIB,323.37,0,2.98,CNCc1ccc(-c2[nH]c3cc(F)cc4c3c2CCNC4=O)cc1,1.5
CHEMBL4747106,,411.51,0,3.35,N#Cc1ccc(N2CCN([C@H]3C=C(c4cc5c(N)cccc5c(=O)[nH]4)CC3)CC2)cc1,1.5
CHEMBL4519178,,483.41,0,2.67,NC(=O)c1cccc2c1O/C(=C\c1ccc(C(=O)N3CCn4c(nnc4C(F)(F)F)C3)cc1)C2=O,1.585
CHEMBL4518901,,363.33,0,1.59,COc1cc(-c2nn[nH]n2)ccc1/C=C1\Oc2c(C(N)=O)cccc2C1=O,1.585
CHEMBL3892363,,301.35,0,3.35,O=C1NN=C2CC(c3ccccc3)Cc3[nH]c4cccc1c4c32,1.6
CHEMBL4518901,,363.33,0,1.59,COc1cc(-c2nn[nH]n2)ccc1/C=C1\Oc2c(C(N)=O)cccc2C1=O,1.6
CHEMBL3915929,,239.28,0,2.2,CC1CC2=NNC(=O)c3cccc4[nH]c(c2c34)C1,1.7
CHEMBL521686,OLAPARIB,434.47,0,2.35,O=C(c1cc(Cc2n[nH]c(=O)c3ccccc23)ccc1F)N1CCN(C(=O)C2CC2)CC1,1.7
CHEMBL3900548,,319.34,0,3.48,O=C1NN=C2CC(c3ccccc3)Cc3[nH]c4cc(F)cc1c4c32,1.8
CHEMBL521686,OLAPARIB,434.47,0,2.35,O=C(c1cc(Cc2n[nH]c(=O)c3ccccc23)ccc1F)N1CCN(C(=O)C2CC2)CC1,1.87
CHEMBL4575227,,455.47,0,2.53,NC(=O)c1cccc2c1O/C(=C\c1ccc(C(=O)N3CCn4c(nnc4C4CC4)C3)cc1)C2=O,1.9
CHEMBL4584534,,298.32,0,3.06,CNCc1ccc(-c2cc3cc(F)cc(C(N)=O)c3o2)cc1,1.9
CHEMBL3891329,,225.25,0,1.95,O=C1NN=C2CCCc3[nH]c4cccc1c4c32,1.9
CHEMBL3891329,,225.25,0,1.95,O=C1NN=C2CCCc3[nH]c4cccc1c4c32,1.9
CHEMBL4575227,,455.47,0,2.53,NC(=O)c1cccc2c1O/C(=C\c1ccc(C(=O)N3CCn4c(nnc4C4CC4)C3)cc1)C2=O,1.905
CHEMBL4519178,,483.41,0,2.67,NC(=O)c1cccc2c1O/C(=C\c1ccc(C(=O)N3CCn4c(nnc4C(F)(F)F)C3)cc1)C2=O,2
CHEMBL4454914,,333.31,0,1.58,NC(=O)c1cccc2c1O/C(=C\c1ccc(-c3nn[nH]n3)cc1)C2=O,2.042
CHEMBL4454914,,333.31,0,1.58,NC(=O)c1cccc2c1O/C(=C\c1ccc(-c3nn[nH]n3)cc1)C2=O,2.1
CHEMBL1094636,NIRAPARIB,320.4,0,2.59,NC(=O)c1cccc2cn(-c3ccc([C@@H]4CCCNC4)cc3)nc12,2.1
CHEMBL1094636,NIRAPARIB,320.4,0,2.59,NC(=O)c1cccc2cn(-c3ccc([C@@H]4CCCNC4)cc3)nc12,2.1
CHEMBL1094636,NIRAPARIB,320.4,0,2.59,NC(=O)c1cccc2cn(-c3ccc([C@@H]4CCCNC4)cc3)nc12,2.1
CHEMBL521686,OLAPARIB,434.47,0,2.35,O=C(c1cc(Cc2n[nH]c(=O)c3ccccc23)ccc1F)N1CCN(C(=O)C2CC2)CC1,2.26
CHEMBL5093731,,466.51,0,2.21,CC(C)C(=O)N1CCN(C(=O)c2cc(Cn3c(=O)[nH]c(=O)c4ccccc43)ccc2F)C[C@@H]1C,2.34
CHEMBL4078014,,541.58,1,3.13,O=C(/C=C/c1ccc(CN2CCN(C(=O)c3cc(Cc4n[nH]c(=O)c5ccccc45)ccc3F)CC2)cc1)NO,2.53
CHEMBL4078014,,541.58,1,3.13,O=C(/C=C/c1ccc(CN2CCN(C(=O)c3cc(Cc4n[nH]c(=O)c5ccccc45)ccc3F)CC2)cc1)NO,2.53
CHEMBL4753410,,447.49,0,3.63,N#Cc1ccc(N2CCN([C@H]3C=C(c4cc5c(N)cc(F)cc5c(=O)[nH]4)CC3)CC2)c(F)c1,2.6
CHEMBL521686,OLAPARIB,434.47,0,2.35,O=C(c1cc(Cc2n[nH]c(=O)c3ccccc23)ccc1F)N1CCN(C(=O)C2CC2)CC1,2.81
CHEMBL521686,OLAPARIB,434.47,0,2.35,O=C(c1cc(Cc2n[nH]c(=O)c3ccccc23)ccc1F)N1CCN(C(=O)C2CC2)CC1,2.81
CHEMBL4083291,,479.43,0,2.49,O=C(Nc1cc(Cn2c(=O)[nH]c(=O)c3ccccc32)cnc1F)[C@H]1CCN(CCC(F)(F)F)C1,2.9
CHEMBL506871,VELIPARIB,244.3,0,1.26,C[C@]1(c2nc3c(C(N)=O)cccc3[nH]2)CCCN1,2.9
CHEMBL5203682,,392.48,0,3.05,C[C@@H]1CN(Cc2ccc(-c3[nH]c4cc(F)cc5c4c3CCNC5=O)cc2)CCN1,2.91
CHEMBL521686,OLAPARIB,434.47,0,2.35,O=C(c1cc(Cc2n[nH]c(=O)c3ccccc23)ccc1F)N1CCN(C(=O)C2CC2)CC1,2.93
CHEMBL521686,OLAPARIB,434.47,0,2.35,O=C(c1cc(Cc2n[nH]c(=O)c3ccccc23)ccc1F)N1CCN(C(=O)C2CC2)CC1,3
CHEMBL4446105,,465.42,0,2.59,NC(=O)c1cccc2c1O/C(=C\c1ccc(C(=O)N3CCn4c(nnc4C(F)F)C3)cc1)C2=O,3
CHEMBL521686,OLAPARIB,434.47,0,2.35,O=C(c1cc(Cc2n[nH]c(=O)c3ccccc23)ccc1F)N1CCN(C(=O)C2CC2)CC1,3
CHEMBL4446105,,465.42,0,2.59,NC(=O)c1cccc2c1O/C(=C\c1ccc(C(=O)N3CCn4c(nnc4C(F)F)C3)cc1)C2=O,3.02
CHEMBL4586938,,495.5,0,2.05,Cn1cnc(-c2nnc3n2CCN(C(=O)c2ccc(/C=C4\Oc5c(C(N)=O)cccc5C4=O)cc2)C3)c1,3.3
CHEMBL4586938,,495.5,0,2.05,Cn1cnc(-c2nnc3n2CCN(C(=O)c2ccc(/C=C4\Oc5c(C(N)=O)cccc5C4=O)cc2)C3)c1,3.311
CHEMBL4450747,,469.5,0,2.6,NC(=O)c1cccc2c1O/C(=C\c1ccc(C(=O)N3CCn4c(CC5CC5)nnc4C3)cc1)C2=O,3.467
CHEMBL4450747,,469.5,0,2.6,NC(=O)c1cccc2c1O/C(=C\c1ccc(C(=O)N3CCn4c(CC5CC5)nnc4C3)cc1)C2=O,3.5
CHEMBL4061458,,437.48,0,1.94,O=C(Nc1cc(Cn2c(=O)[nH]c(=O)c3ccccc32)cnc1F)[C@H]1CCN(CC2CC2)C1,3.6
CHEMBL4539194,,487.47,0,1.83,CCOC(=O)c1nnc2n1CCN(C(=O)c1ccc(/C=C3\Oc4c(C(N)=O)cccc4C3=O)cc1)C2,3.631
CHEMBL4470724,,660.63,1,4.14,Nc1cc(C(F)(F)F)c(-c2nc3c(c(N4CCOCC4)n2)CCN(C(=O)c2cc(Cc4n[nH]c(=O)c5ccccc45)ccc2F)C3)cn1,3.631
CHEMBL4539194,,487.47,0,1.83,CCOC(=O)c1nnc2n1CCN(C(=O)c1ccc(/C=C3\Oc4c(C(N)=O)cccc4C3=O)cc1)C2,3.7
CHEMBL4469675,,483.53,0,3.31,NC(=O)c1cccc2c1O/C(=C\c1ccc(C(=O)N3CCn4c(nnc4C4CCCC4)C3)cc1)C2=O,3.802
CHEMBL4469675,,483.53,0,3.31,NC(=O)c1cccc2c1O/C(=C\c1ccc(C(=O)N3CCn4c(nnc4C4CCCC4)C3)cc1)C2=O,3.9
CHEMBL4748390,,405.48,0,2.88,N#Cc1ccc(N2CCN(CCCc3cc4c(N)cc(F)cc4c(=O)[nH]3)CC2)cc1,3.9
CHEMBL4474593,,493.52,0,3.24,NC(=O)c1cccc2c1O/C(=C\c1ccc(C(=O)N3CCN(c4nc5ccccc5[nH]4)CC3)cc1)C2=O,3.981
CHEMBL4474593,,493.52,0,3.24,NC(=O)c1cccc2c1O/C(=C\c1ccc(C(=O)N3CCN(c4nc5ccccc5[nH]4)CC3)cc1)C2=O,4
CHEMBL1086580,,312.32,0,3.66,Oc1nc(-c2ccc(C(F)(F)F)cc2)nc2c1CSCC2,4
CHEMBL5095220,AZD-5305,406.49,0,1.56,CCc1cc2ncc(CN3CCN(c4ccc(C(=O)NC)nc4)CC3)cc2[nH]c1=O,4
CHEMBL3764816,,380.36,0,2.63,Cn1ncnc1[C@@H]1c2n[nH]c(=O)c3cc(F)cc(c23)N[C@H]1c1ccc(F)cc1,4.1
CHEMBL4100719,,459.48,0,2.74,O=C(Nc1cc(Cn2c(=O)[nH]c(=O)c3ccccc32)cnc1F)[C@H]1CCN(c2ccccc2)C1,4.1
CHEMBL3764816,,380.36,0,2.63,Cn1ncnc1[C@@H]1c2n[nH]c(=O)c3cc(F)cc(c23)N[C@H]1c1ccc(F)cc1,4.169
CHEMBL5182785,,392.48,0,3.18,NC1CCN(Cc2ccc(-c3[nH]c4cc(F)cc5c4c3CCNC5=O)cc2)CC1,4.21
CHEMBL5073596,,478.45,0,2.59,C[C@@H]1CN(C(=O)c2cc(Cn3c(=O)[nH]c(=O)c4ccccc43)ccc2F)CCN1CC(F)(F)F,4.25
CHEMBL4072243,,451.46,0,1.47,O=C(Nc1cc(Cn2c(=O)[nH]c(=O)c3ccccc32)cnc1F)[C@H]1CCN(C(=O)C2CC2)C1,4.5
CHEMBL4435102,,457.49,0,2.77,CC(C)c1nnc2n1CCN(C(=O)c1ccc(/C=C3\Oc4c(C(N)=O)cccc4C3=O)cc1)C2,4.571
CHEMBL4800042,,423.49,0,2.1,NC(=O)c1ccc(N2CCN(CCCc3cc4c(N)cc(F)cc4c(=O)[nH]3)CC2)cc1,4.6
CHEMBL4435102,,457.49,0,2.77,CC(C)c1nnc2n1CCN(C(=O)c1ccc(/C=C3\Oc4c(C(N)=O)cccc4C3=O)cc1)C2,4.6
CHEMBL5084388,,554.66,1,4.4,CC[C@@H]1C(=O)N(C)c2cnc(N(C)c3ccc(-c4nc5c(C(N)=O)cccc5[nH]4)cc3OC)nc2N1C1CCCC1,4.7
CHEMBL4446923,,466.5,0,3.56,Cc1ccc2[nH]c(CCNC(=O)c3ccc(/C=C4\Oc5c(C(N)=O)cccc5C4=O)cc3)nc2c1,4.786
CHEMBL5080640,,450.51,0,2.43,C[C@@H]1CN(C(=O)c2cc(Cn3c(=O)[nH]c(=O)c4ccccc43)ccc2F)CCN1CC1CC1,4.93
CHEMBL4446923,,466.5,0,3.56,Cc1ccc2[nH]c(CCNC(=O)c3ccc(/C=C4\Oc5c(C(N)=O)cccc5C4=O)cc3)nc2c1,5
CHEMBL4096060,,486.5,0,3.14,O=C(/C=C/c1ccc(CCNC(=O)c2cc(Cc3n[nH]c(=O)c4ccccc34)ccc2F)cc1)NO,5.02
CHEMBL5190645,,389.46,0,2.08,CCc1cc2ncc(CN3CCN(c4cnc5cn[nH]c5c4)CC3)cc2[nH]c1=O,5.2
CHEMBL4093008,,473.51,0,2.73,O=C(Nc1cc(Cn2c(=O)[nH]c(=O)c3ccccc32)cnc1F)[C@H]1CCN(Cc2ccccc2)C1,5.4
CHEMBL4522170,,348.41,0,1.25,O=C1NCCn2c(-c3ccc(N4CCNCC4)cc3)nc3cncc1c32,5.5
CHEMBL5170407,,456.53,0,3.37,O=C1NCCc2c(-c3ccc(CN4CCN(c5ncccn5)CC4)cc3)[nH]c3cc(F)cc1c23,5.71
CHEMBL4082728,,474.5,0,2.13,O=C(Nc1cc(Cn2c(=O)[nH]c(=O)c3ccccc32)cnc1F)[C@H]1CCN(Cc2ccncc2)C1,5.8
CHEMBL521686,OLAPARIB,434.47,0,2.35,O=C(c1cc(Cc2n[nH]c(=O)c3ccccc23)ccc1F)N1CCN(C(=O)C2CC2)CC1,6
CHEMBL4761383,,724.7,2,1.87,NC(=O)c1cccc2cc(C(=O)N3CCN(c4nc(-c5cnc(NC(=O)CN6CCOCC6)cc5C(F)(F)F)nc(N5CCOCC5)n4)CC3)oc12,6.2
CHEMBL5183006,,420.49,0,2.92,CC(=O)N1CCN(Cc2ccc(-c3[nH]c4cc(F)cc5c4c3CCNC5=O)cc2)CC1,6.4
CHEMBL5174694,,422.5,0,2.37,O=C1NCCc2c(-c3ccc(CN4CCN(CCO)CC4)cc3)[nH]c3cc(F)cc1c23,6.68
CHEMBL5088601,,466.51,0,2.35,CCC(=O)N1CCN(C(=O)c2cc(Cn3c(=O)[nH]c(=O)c4ccccc43)ccc2F)C[C@@H]1CC,6.91
CHEMBL5087953,,438.5,0,2.43,CCCN1CCN(C(=O)c2cc(Cn3c(=O)[nH]c(=O)c4ccccc43)ccc2F)C[C@H]1C,6.98
CHEMBL4787850,,387.49,0,2.74,N#Cc1ccc(N2CCN(CCCc3cc4c(N)cccc4c(=O)[nH]3)CC2)cc1,7.2
CHEMBL4458889,,307.36,0,1.56,CNCc1ccc(-c2nc3cncc4c3n2CCNC4=O)cc1,7.2
CHEMBL5081000,,452.53,0,2.68,CC(C)CN1CCN(C(=O)c2cc(Cn3c(=O)[nH]c(=O)c4ccccc43)ccc2F)C[C@@H]1C,7.31
CHEMBL5079913,,506.46,1,2.5,CC[C@@H]1CN(C(=O)c2cc(Cn3c(=O)[nH]c(=O)c4ccccc43)ccc2F)CCN1C(=O)C(F)(F)F,7.31
CHEMBL5080395,,450.51,0,2.6,C/C=C/CN1CCN(C(=O)c2cc(Cn3c(=O)[nH]c(=O)c4ccccc43)ccc2F)C[C@H]1C,7.4
CHEMBL5083291,,450.51,0,2.43,C[C@H]1CN(C(=O)c2cc(Cn3c(=O)[nH]c(=O)c4ccccc43)ccc2F)CCN1CC1CC1,7.41
CHEMBL5089572,,464.54,0,2.99,CC(C)=CCN1CCN(C(=O)c2cc(Cn3c(=O)[nH]c(=O)c4ccccc43)ccc2F)C[C@H]1C,7.56
CHEMBL4435879,,327.43,0,2.01,CC(C)CN1CCC(c2nc3cncc4c3n2CCNC4=O)CC1,7.7
CHEMBL5075095,,478.52,0,2.35,CC[C@@H]1CN(C(=O)c2cc(Cn3c(=O)[nH]c(=O)c4ccccc43)ccc2F)CCN1C(=O)C1CC1,7.96
CHEMBL481603,,274.28,0,2.27,N#Cc1ccc(-c2cnc3cccc(C(N)=O)c3n2)cc1,8
CHEMBL5193574,,492.6,0,4.75,CC(C)(C)OC(=O)NC1CCN(Cc2ccc(-c3[nH]c4cc(F)cc5c4c3CCNC5=O)cc2)CC1,8.04
CHEMBL4776820,,397.48,0,3.16,N#Cc1ccc(N2CCN([C@H]3C=C(c4cc5ncccc5c(=O)[nH]4)CC3)CC2)cc1,8.1
CHEMBL4092324,,483.5,0,2.47,CC(C)(C)OC(=O)N1CC[C@H](C(=O)Nc2cc(Cn3c(=O)[nH]c(=O)c4ccccc43)cnc2F)C1,8.6
CHEMBL5193674,,418.5,0,1.56,CCc1cc2ncc(CN3CC4(C3)CN(c3ccc(C(=O)NC)nc3)C4)cc2[nH]c1=O,9
CHEMBL4082114,,498.97,0,3.59,CC(C)(C)OC(=O)N1CC[C@H](C(=O)Nc2cc(Cn3c(=O)[nH]c(=O)c4ccccc43)ccc2Cl)C1,9.1
CHEMBL4781887,,398.46,0,3.14,Nc1cc(F)cc2c(=O)[nH]c(CCCN3CCN(c4ccc(F)cc4)CC3)cc12,9.5
CHEMBL4460350,,321.38,0,1.95,CCNCc1ccc(-c2nc3cncc4c3n2CCNC4=O)cc1,9.9
CHEMBL4515830,,452.47,0,3.25,NC(=O)c1cccc2c1O/C(=C\c1ccc(C(=O)NCCc3nc4ccccc4[nH]3)cc1)C2=O,10
CHEMBL4544913,,452.47,0,3.25,NC(=O)c1cccc2c1O/C(=C\c1cccc(C(=O)NCCc3nc4ccccc4[nH]3)c1)C2=O,10
CHEMBL4475399,,480.52,0,4.03,CC(C)(Cc1nc2ccccc2[nH]1)NC(=O)c1ccc(/C=C2\Oc3c(C(N)=O)cccc3C2=O)cc1,10
CHEMBL4584942,,415.41,0,1.65,NC(=O)c1cccc2c1O/C(=C\c1ccc(C(=O)N3CCn4cnnc4C3)cc1)C2=O,10
CHEMBL4437358,,464.48,0,3.52,NC(=O)c1cccc2c1O/C(=C\c1ccc(C(=O)N3CC(c4nc5ccccc5[nH]4)C3)cc1)C2=O,10
CHEMBL4470212,,445.44,0,1.14,NC(=O)c1cccc2c1O/C(=C\c1ccc(C(=O)N3CCn4c(CO)nnc4C3)cc1)C2=O,10
CHEMBL4471547,,470.46,0,3.39,NC(=O)c1cccc2c1O/C(=C\c1cccc(C(=O)NCCc3nc4cc(F)ccc4[nH]3)c1)C2=O,10
CHEMBL4583398,,492.54,0,4.3,NC(=O)c1cccc2c1O/C(=C\c1ccc(C(=O)N3CCC(c4nc5ccccc5[nH]4)CC3)cc1)C2=O,10
CHEMBL4576573,,482.5,0,3.26,COc1ccc2[nH]c(CCNC(=O)c3ccc(/C=C4\Oc5c(C(N)=O)cccc5C4=O)cc3)nc2c1,10
CHEMBL4571844,,429.44,0,1.96,Cc1nnc2n1CCN(C(=O)c1ccc(/C=C3\Oc4c(C(N)=O)cccc4C3=O)cc1)C2,10
CHEMBL4542683,,415.41,0,1.65,NC(=O)c1cccc2c1O/C(=C\c1cccc(C(=O)N3CCn4cnnc4C3)c1)C2=O,10
CHEMBL4538616,,466.5,0,3.64,NC(=O)c1cccc2c1O/C(=C\c1ccc(C(=O)NCCCc3nc4ccccc4[nH]3)cc1)C2=O,10
CHEMBL4458607,,523.52,1,3.38,NC(=O)c1cccc2c1O/C(=C\c1ccc(C(=O)N3CCn4c(Cc5cccc(F)c5)nnc4C3)cc1)C2=O,10
CHEMBL4450242,,470.46,0,3.39,NC(=O)c1cccc2c1O/C(=C\c1ccc(C(=O)NCCc3nc4cc(F)ccc4[nH]3)cc1)C2=O,10
CHEMBL506871,VELIPARIB,244.3,0,1.26,C[C@]1(c2nc3c(C(N)=O)cccc3[nH]2)CCCN1,10
CHEMBL4470680,,483.41,0,2.67,NC(=O)c1cccc2c1O/C(=C\c1cccc(C(=O)N3CCn4c(nnc4C(F)(F)F)C3)c1)C2=O,10
CHEMBL5088800,,438.5,0,2.43,CCCN1CCN(C(=O)c2cc(Cn3c(=O)[nH]c(=O)c4ccccc43)ccc2F)C[C@@H]1C,10.17
CHEMBL5094748,,478.52,0,2.35,CC[C@H]1CN(C(=O)c2cc(Cn3c(=O)[nH]c(=O)c4ccccc43)ccc2F)CCN1C(=O)C1CC1,10.34
CHEMBL4786854,,437.52,0,2.36,CNC(=O)c1ccc(N2CCN(CCCc3cc4c(N)cc(F)cc4c(=O)[nH]3)CC2)cc1,10.8
CHEMBL5094072,,478.45,0,2.59,C[C@H]1CN(C(=O)c2cc(Cn3c(=O)[nH]c(=O)c4ccccc43)ccc2F)CCN1CC(F)(F)F,11.19
CHEMBL5208255,,365.45,0,4.1,CCN(CC)Cc1ccc(-c2[nH]c3cc(F)cc4c3c2CCNC4=O)cc1,11.21
CHEMBL4569417,,568.72,,,CC(C)(C)[Si](C)(C)OCCCN1CCN(C(=O)c2cc(Cn3c(=O)[nH]c(=O)c4ccccc43)ccc2F)CC1=O,11.33
CHEMBL4099732,,465.41,0,2.09,O=C(Nc1cc(Cn2c(=O)[nH]c(=O)c3ccccc32)cnc1F)[C@H]1CCN(CC(F)(F)F)C1,11.5
CHEMBL5077121,,506.46,1,2.5,CC[C@H]1CN(C(=O)c2cc(Cn3c(=O)[nH]c(=O)c4ccccc43)ccc2F)CCN1C(=O)C(F)(F)F,11.51
CHEMBL4095389,,501.51,1,3.11,O=C(Nc1cc(Cn2c(=O)[nH]c(=O)c3ccccc32)cnc1F)[C@H]1CCN(C2CCC(F)(F)CC2)C1,11.9
CHEMBL4068890,,499.96,0,2.98,CC(C)(C)OC(=O)N1CC[C@H](C(=O)Nc2cc(Cn3c(=O)[nH]c(=O)c4ccccc43)cnc2Cl)C1,12.2
CHEMBL521686,OLAPARIB,434.47,0,2.35,O=C(c1cc(Cc2n[nH]c(=O)c3ccccc23)ccc1F)N1CCN(C(=O)C2CC2)CC1,12.3
CHEMBL521686,OLAPARIB,434.47,0,2.35,O=C(c1cc(Cc2n[nH]c(=O)c3ccccc23)ccc1F)N1CCN(C(=O)C2CC2)CC1,12.3
CHEMBL5088510,,464.54,0,2.99,CC(C)=CCN1CCN(C(=O)c2cc(Cn3c(=O)[nH]c(=O)c4ccccc43)ccc2F)C[C@@H]1C,12.79
CHEMBL5084022,,466.51,0,2.35,CCC(=O)N1CCN(C(=O)c2cc(Cn3c(=O)[nH]c(=O)c4ccccc43)ccc2F)C[C@H]1CC,13.68
CHEMBL5086078,,452.49,0,1.96,CC[C@H]1CN(C(=O)c2cc(Cn3c(=O)[nH]c(=O)c4ccccc43)ccc2F)CCN1C(C)=O,13.97
CHEMBL4294222,,330.39,0,2.56,CC1Cc2cc(-c3nc4c(C(N)=O)cc(F)cc4[nH]3)sc2CN1,14
CHEMBL372303,PJ34,295.34,0,2.18,CN(C)CC(=O)Nc1ccc2[nH]c(=O)c3ccccc3c2c1,14.7
CHEMBL5087572,,450.51,0,2.6,C/C=C/CN1CCN(C(=O)c2cc(Cn3c(=O)[nH]c(=O)c4ccccc43)ccc2F)C[C@@H]1C,14.95
CHEMBL1094636,NIRAPARIB,320.4,0,2.59,NC(=O)c1cccc2cn(-c3ccc([C@@H]4CCCNC4)cc3)nc12,15.3
CHEMBL5083752,,438.5,0,2.43,CC[C@H]1CN(C(=O)c2cc(Cn3c(=O)[nH]c(=O)c4ccccc43)ccc2F)CCN1CC,15.46
CHEMBL1094636,NIRAPARIB,320.4,0,2.59,NC(=O)c1cccc2cn(-c3ccc([C@@H]4CCCNC4)cc3)nc12,15.49
CHEMBL5083950,,464.54,0,2.82,CC[C@@H]1CN(C(=O)c2cc(Cn3c(=O)[nH]c(=O)c4ccccc43)ccc2F)CCN1CC1CC1,15.63
CHEMBL4746309,,398.47,0,2.56,N#Cc1ccc(N2CCN([C@H]3C=C(c4cc5ncccc5c(=O)[nH]4)CC3)CC2)nc1,16.6
CHEMBL560790,,355.44,0,1,O=C1NCCc2c1ccc1[nH]cc(CCNC(=O)N3CCCNCC3)c21,17
CHEMBL5095043,ATAMPARIB,523.44,1,2.15,C[C@@H](COCCC(=O)N1CCN(c2ncc(C(F)(F)F)cn2)CC1)Nc1cn[nH]c(=O)c1C(F)(F)F,17
CHEMBL506871,VELIPARIB,244.3,0,1.26,C[C@]1(c2nc3c(C(N)=O)cccc3[nH]2)CCCN1,17.38
CHEMBL506871,VELIPARIB,244.3,0,1.26,C[C@]1(c2nc3c(C(N)=O)cccc3[nH]2)CCCN1,17.5
CHEMBL3955370,,267.33,0,3.27,CC1(C)CCC2=C(C1)c1n[nH]c(=O)c3cccc(c13)N2,18
CHEMBL3978225,,240.27,0,1.05,O=c1[nH]nc2c3c(cccc13)NC1=C2CCNC1,18
CHEMBL5180001,,432.53,0,1.81,CCc1cc2ncc(CN3CC4CN(c5ccc(C(=O)NC)nc5)CC4C3)cc2[nH]c1=O,18
CHEMBL4076271,,291.29,0,-0.03,NC(=O)c1cc(F)cc2[nH]c(C(=O)N3CCC(N)C3)nc12,19
CHEMBL5198072,,366.43,0,1.06,CCc1cc2ncc(CN3CCn4c(cnc4C(=O)NC)C3)cc2[nH]c1=O,20
CHEMBL3940569,,309.37,0,2.46,CC1(C)CC2=NNC(=O)c3cccc4c3c2c(n4CC2CO2)C1,21
CHEMBL3940569,,309.37,0,2.46,CC1(C)CC2=NNC(=O)c3cccc4c3c2c(n4CC2CO2)C1,21
CHEMBL5205419,,388.48,0,2.68,CCc1cc2ncc(CN3CCN(c4ccc5cc[nH]c5n4)CC3)cc2[nH]c1=O,21
CHEMBL5185522,,389.46,0,2.08,CCc1cc2ncc(CN3CCN(c4ccc5[nH]ncc5n4)CC3)cc2[nH]c1=O,23
CHEMBL5089136,,438.5,0,2.43,CC[C@@H]1CN(C(=O)c2cc(Cn3c(=O)[nH]c(=O)c4ccccc43)ccc2F)CCN1CC,23.11
CHEMBL4080699,,305.31,0,0.36,NC(=O)c1cc(F)cc2[nH]c(C(=O)N3CCC(N)CC3)nc12,24
CHEMBL5087831,,410.45,0,1.7,CC[C@H]1CN(C(=O)c2cc(Cn3c(=O)[nH]c(=O)c4ccccc43)ccc2F)CCN1,24.35
CHEMBL3939501,,267.33,0,3.41,O=c1[nH]nc2c3c(cccc13)NC1=C2CCCCCC1,25
CHEMBL5081921,,396.42,0,1.31,C[C@H]1CN(C(=O)c2cc(Cn3c(=O)[nH]c(=O)c4ccccc43)ccc2F)CCN1,25.58
CHEMBL5071826,,452.49,0,1.96,CC[C@@H]1CN(C(=O)c2cc(Cn3c(=O)[nH]c(=O)c4ccccc43)ccc2F)CCN1C(C)=O,26.39
CHEMBL4789581,,415.47,0,3.3,N#Cc1ccc(N2CCN([C@H]3C=C(c4cc5ncc(F)cc5c(=O)[nH]4)CC3)CC2)cc1,26.9
CHEMBL1086580,,312.32,0,3.66,Oc1nc(-c2ccc(C(F)(F)F)cc2)nc2c1CSCC2,26.9
CHEMBL1086580,,312.32,0,3.66,Oc1nc(-c2ccc(C(F)(F)F)cc2)nc2c1CSCC2,26.92
CHEMBL1173055,RUCAPARIB,323.37,0,2.98,CNCc1ccc(-c2[nH]c3cc(F)cc4c3c2CCNC4=O)cc1,28.18
CHEMBL1173055,RUCAPARIB,323.37,0,2.98,CNCc1ccc(-c2[nH]c3cc(F)cc4c3c2CCNC4=O)cc1,28.2
CHEMBL4291682,,330.39,0,2.48,Cc1c(-c2nc3c(C(N)=O)cc(F)cc3[nH]2)sc2c1CCNC2,30
CHEMBL3740897,,500.46,1,3.81,C[C@H]1Cn2c(nnc2C(C)(F)F)CN1C(=O)c1cccc(C(F)(F)c2n[nH]c(=O)c3ccccc23)c1,30
CHEMBL3137320,TALAZOPARIB,380.36,0,2.63,Cn1ncnc1[C@H]1c2n[nH]c(=O)c3cc(F)cc(c23)N[C@@H]1c1ccc(F)cc1,30
CHEMBL3893294,,253.31,0,3.02,O=c1[nH]nc2c3c(cccc13)NC1=C2CCCCC1,30.3
CHEMBL4097093,,515.55,1,2.73,O=C(NO)c1ccc(CN2CCN(C(=O)c3cc(Cc4n[nH]c(=O)c5ccccc45)ccc3F)CC2)cc1,31.52
CHEMBL558845,,341.42,0,0.61,O=C1NCCc2c1ccc1[nH]cc(CCNC(=O)N3CCNCC3)c21,32
CHEMBL372303,PJ34,295.34,0,2.18,CN(C)CC(=O)Nc1ccc2[nH]c(=O)c3ccccc3c2c1,33.11
CHEMBL5092897,,410.45,0,1.7,CC[C@@H]1CN(C(=O)c2cc(Cn3c(=O)[nH]c(=O)c4ccccc43)ccc2F)CCN1,33.29
CHEMBL372303,PJ34,295.34,0,2.18,CN(C)CC(=O)Nc1ccc2[nH]c(=O)c3ccccc3c2c1,33.5
CHEMBL4098745,,387.46,0,2.33,NC(=O)c1cc(F)cc2[nH]c(C(=O)N3CCC(NC4CCCCC4)CC3)nc12,34
CHEMBL5074757,,452.53,0,2.82,CC[C@@H]1CN(C(=O)c2cc(Cn3c(=O)[nH]c(=O)c4ccccc43)ccc2F)CCN1C(C)C,36.4
CHEMBL4638701,,494.65,0,2.66,O=c1[nH]c(SCCN2CCN(CCSc3nc4ccccc4c(=O)[nH]3)CC2)nc2ccccc12,37.8
CHEMBL4081378,,373.43,0,1.94,NC(=O)c1cc(F)cc2[nH]c(C(=O)N3CCC(NC4CCCCC4)C3)nc12,38
CHEMBL5201927,,418.5,0,2.09,CCc1cc2ncc(CN3CCN(c4cc5c(cn4)NC(=O)CC5)CC3)cc2[nH]c1=O,38
CHEMBL1173055,RUCAPARIB,323.37,0,2.98,CNCc1ccc(-c2[nH]c3cc(F)cc4c3c2CCNC4=O)cc1,38.9
CHEMBL4101084,,513.86,0,1.33,O=C(Nc1cc(Cn2c(=O)[nH]c(=O)c3ccccc32)cnc1Cl)[C@H]1CCNC1.O=C(O)C(F)(F)F,40
CHEMBL5202261,,420.52,0,2.32,CCc1cc2ncc(CN3CCC(Nc4ccc(C(=O)NC)nc4)CC3)cc2[nH]c1=O,40
CHEMBL5206717,,402.5,0,2.8,CCc1cc2ncc(CN3CCc4cc(/C=C/C(=O)NC)ccc4C3)cc2[nH]c1=O,41.53
CHEMBL4281045,,330.39,0,2.19,Cn1c(-c2cc3c(s2)CNCC3)nc2c(C(N)=O)cc(F)cc21,42
CHEMBL5087801,,464.54,0,2.82,CC[C@H]1CN(C(=O)c2cc(Cn3c(=O)[nH]c(=O)c4ccccc43)ccc2F)CCN1CC1CC1,42.82
CHEMBL1086580,,312.32,0,3.66,Oc1nc(-c2ccc(C(F)(F)F)cc2)nc2c1CSCC2,46
CHEMBL5090532,,452.53,0,2.82,CCCN1CCN(C(=O)c2cc(Cn3c(=O)[nH]c(=O)c4ccccc43)ccc2F)C[C@@H]1CC,47.54
CHEMBL4091897,,273.3,0,-0.16,NC(=O)c1cccc2[nH]c(C(=O)N3CCC(N)C3)nc12,48
CHEMBL4289667,,342.4,0,2.29,O=C1NCCn2c(-c3cc4c(s3)CCNC4)nc3cc(F)cc1c32,49
CHEMBL4075511,,529.57,1,2.66,O=C(Cc1ccc(CN2CCN(C(=O)c3cc(Cc4n[nH]c(=O)c5ccccc45)ccc3F)CC2)cc1)NO,49.12
CHEMBL4476020,,333.31,0,1.58,NC(=O)c1cccc2c1O/C(=C\c1cccc(-c3nn[nH]n3)c1)C2=O,50
CHEMBL4582095,,455.47,0,2.15,NC(=O)c1cccc2c1O/C(=C\c1cccc(C(=O)N3CCN(c4cnccn4)CC3)c1)C2=O,50
CHEMBL4439730,,427.46,0,2.52,NC(=O)c1cccc2c1O/C(=C\c1ccc(N3CCN(c4ncccn4)CC3)cc1)C2=O,50
CHEMBL4462563,,351.3,0,1.72,NC(=O)c1cccc2c1O/C(=C\c1ccc(-c3nn[nH]n3)c(F)c1)C2=O,50
CHEMBL4539846,,455.47,0,2.15,NC(=O)c1cccc2c1O/C(=C\c1ccc(C(=O)N3CCN(c4cnccn4)CC3)cc1)C2=O,50
CHEMBL4464740,,454.49,0,3.21,NC(=O)c1cccc2c1O/C(=C\c1ccc(C(=O)N3CCC(c4ncccn4)CC3)cc1)C2=O,50
CHEMBL4437403,,455.47,0,2.15,NC(=O)c1cccc2c1O/C(=C\c1cccc(C(=O)N3CCN(c4ncccn4)CC3)c1)C2=O,50
CHEMBL4445035,,485.5,0,2.16,COc1ccnc(N2CCN(C(=O)c3cccc(/C=C4\Oc5c(C(N)=O)cccc5C4=O)c3)CC2)n1,50
CHEMBL4457849,,485.5,0,2.16,COc1ccnc(N2CCN(C(=O)c3ccc(/C=C4\Oc5c(C(N)=O)cccc5C4=O)cc3)CC2)n1,50
CHEMBL4562749,,441.49,0,2.51,NC(=O)c1cccc2c1O/C(=C\c1ccc(CN3CCN(c4ncccn4)CC3)cc1)C2=O,50
CHEMBL4557232,,567.56,2,2.35,COCc1nc(-c2ccnc(N3CCN(C(=O)c4ccc(/C=C5\Oc6c(C(N)=O)cccc6C5=O)cc4)CC3)n2)no1,50
CHEMBL4591947,,455.47,0,2.15,NC(=O)c1cccc2c1O/C(=C\c1ccc(C(=O)N3CCN(c4ncccn4)CC3)cc1)C2=O,50
CHEMBL5184668,,493.93,0,4.76,CCOC(=O)Nc1nc2ccc(-c3cc(Cc4n[nH]c(=O)c5ccccc45)ccc3F)cc2[nH]1.Cl,50
CHEMBL5088094,,452.53,0,2.82,CCCN1CCN(C(=O)c2cc(Cn3c(=O)[nH]c(=O)c4ccccc43)ccc2F)C[C@H]1CC,50.65
CHEMBL4289496,,298.37,0,2.04,NC(=O)c1cccc2[nH]c(-c3cc4c(s3)CNCC4)nc12,53
CHEMBL5093696,,396.42,0,1.31,C[C@@H]1CN(C(=O)c2cc(Cn3c(=O)[nH]c(=O)c4ccccc43)ccc2F)CCN1,55.38
CHEMBL4776507,,447.49,0,3.63,N#Cc1ccc(N2CCN([C@@H]3C=C(c4cc5c(N)cc(F)cc5c(=O)[nH]4)CC3)CC2)c(F)c1,58
CHEMBL5185548,,457.46,0,3.1,CCc1cc2ncc(CN3CCN(c4ccc5nc(C(F)(F)F)[nH]c5n4)CC3)cc2[nH]c1=O,60
CHEMBL5079003,,492.47,0,2.98,CC[C@H]1CN(C(=O)c2cc(Cn3c(=O)[nH]c(=O)c4ccccc43)ccc2F)CCN1CC(F)(F)F,60.6
CHEMBL5197357,,392.48,0,3.18,NC1CCN(Cc2cccc(-c3[nH]c4cc(F)cc5c4c3CCNC5=O)c2)CC1,61.9
CHEMBL4293056,,304.35,0,2.25,CNCc1ccc(-c2nc3c(C(N)=O)cc(F)cc3[nH]2)s1,64
CHEMBL4744702,,332.82,0,2.46,NC(=O)c1cc(Cl)c2cc(-c3cc4c(s3)CNCC4)cnn12,66.81
CHEMBL4533690,,436.49,0,2.09,O=C(NC1CCN(CC2CC2)C1)c1cc(Cn2c(=O)[nH]c(=O)c3ccccc32)ccc1F,67.8
CHEMBL4533690,,436.49,0,2.09,O=C(NC1CCN(CC2CC2)C1)c1cc(Cn2c(=O)[nH]c(=O)c3ccccc32)ccc1F,67.8
CHEMBL4087554,,543.42,1,3.7,CC(C)(C)OC(=O)N1CC[C@H](C(=O)Nc2cc(Cn3c(=O)[nH]c(=O)c4ccccc43)ccc2Br)C1,68
CHEMBL5178741,,406.49,0,1.93,CCc1cc2ncc(CN3CCC(Nc4ccc(C(=O)NC)nc4)C3)cc2[nH]c1=O,68
CHEMBL506871,VELIPARIB,244.3,0,1.26,C[C@]1(c2nc3c(C(N)=O)cccc3[nH]2)CCCN1,70
CHEMBL4286249,,375.47,0,3.88,CC(C)(C)[C@@H]1NCCC2C=C(c3nc4c(C(=O)O)cc(F)cc4[nH]3)SC21,70
CHEMBL4280657,,316.36,0,2.18,NC(=O)c1cc(F)cc2[nH]c(-c3cc4c(s3)CCNC4)nc12,73
CHEMBL4079788,,287.32,0,0.23,NC(=O)c1cccc2[nH]c(C(=O)N3CCC(N)CC3)nc12,73
CHEMBL4076845,,375.45,0,2.04,CC(C)(C)CN1CCC(NC(=O)c2nc3c(C(N)=O)cc(F)cc3[nH]2)CC1,74
CHEMBL4070559,,315.38,0,0.88,CCCNC1CCN(C(=O)c2nc3c(C(N)=O)cccc3[nH]2)C1,75
CHEMBL4083109,,497.41,0,0.82,O=C(Nc1cc(Cn2c(=O)[nH]c(=O)c3ccccc32)cnc1F)[C@H]1CCNC1.O=C(O)C(F)(F)F,80
CHEMBL4291982,,330.39,0,2.52,CN1CCc2sc(-c3nc4c(C(N)=O)cc(F)cc4[nH]3)cc2C1,83
CHEMBL4279065,,372.47,0,3.76,CC(C)(C)C1NCCc2cc(-c3nc4c(C(N)=O)cc(F)cc4[nH]3)sc21,86
CHEMBL4282620,,330.39,0,2.74,CC1NCCc2cc(-c3nc4c(C(N)=O)cc(F)cc4[nH]3)sc21,87
CHEMBL5196723,,405.46,0,2.24,CCc1cc2ncc(CN3CCN(c4ccc5oc(=O)[nH]c5c4)CC3)cc2[nH]c1=O,87
CHEMBL4077812,,355.44,0,1.8,NC(=O)c1cccc2[nH]c(C(=O)N3CCC(NC4CCCCC4)C3)nc12,91
CHEMBL4281789,,342.4,0,2.29,O=C1NCCn2c(-c3cc4c(s3)CNCC4)nc3cc(F)cc1c32,99
CHEMBL4100391,,369.35,0,1.42,NC(=O)c1cccc2[nH]c(C(=O)NC3CCN(CC(F)(F)F)CC3)nc12,100
CHEMBL4072851,,409.4,0,1.19,O=C(Nc1cc(Cn2c(=O)[nH]c(=O)c3ccccc32)ccc1[N+](=O)[O-])[C@H]1CCNC1,100
CHEMBL4097709,,479.54,0,2.52,CC(C)(C)OC(=O)N1CC[C@H](C(=O)Nc2cc(Cn3c(=O)[nH]c(=O)c4ccccc43)ccc2N)C1,100
CHEMBL4091988,,557.32,0,2.05,O=C(Nc1cc(Cn2c(=O)[nH]c(=O)c3ccccc32)ccc1Br)[C@H]1CCNC1.O=C(O)C(F)(F)F,100
CHEMBL4060222,,465.51,0,2.33,CC(C)(C)OC(=O)N1CC[C@H](C(=O)Nc2cncc(Cn3c(=O)[nH]c(=O)c4ccccc43)c2)C1,100
CHEMBL4064245,,512.87,0,1.94,O=C(Nc1cc(Cn2c(=O)[nH]c(=O)c3ccccc32)ccc1Cl)[C@H]1CCNC1.O=C(O)C(F)(F)F,100
CHEMBL4079674,,480.52,0,2.64,CC(C)(C)OC(=O)N1CC[C@H](C(=O)Nc2cc(Cn3c(=O)[nH]c(=O)c4ccccc43)ccc2O)C1,100
CHEMBL5080224,,424.48,0,2.04,CC[C@H]1CN(C(=O)c2cc(Cn3c(=O)[nH]c(=O)c4ccccc43)ccc2F)CCN1C,100
CHEMBL4105422,,509.52,1,2.84,CC(C)(C)OC(=O)N1CC[C@H](C(=O)Nc2cc(Cn3c(=O)[nH]c(=O)c4ccccc43)ccc2[N+](=O)[O-])C1,100
CHEMBL4089975,,544.41,1,3.09,CC(C)(C)OC(=O)N1CC[C@H](C(=O)Nc2cc(Cn3c(=O)[nH]c(=O)c4ccccc43)cnc2Br)C1,100
CHEMBL4102201,,558.31,0,1.44,O=C(Nc1cc(Cn2c(=O)[nH]c(=O)c3ccccc32)cnc1Br)[C@H]1CCNC1.O=C(O)C(F)(F)F,100
CHEMBL5088329,,452.53,0,2.82,CC[C@H]1CN(C(=O)c2cc(Cn3c(=O)[nH]c(=O)c4ccccc43)ccc2F)CCN1C(C)C,100
CHEMBL5091323,,424.48,0,2.04,CC[C@@H]1CN(C(=O)c2cc(Cn3c(=O)[nH]c(=O)c4ccccc43)ccc2F)CCN1C,100
CHEMBL1086580,,312.32,0,3.66,Oc1nc(-c2ccc(C(F)(F)F)cc2)nc2c1CSCC2,106
CHEMBL1086580,,312.32,0,3.66,Oc1nc(-c2ccc(C(F)(F)F)cc2)nc2c1CSCC2,106
CHEMBL4288557,,330.39,0,2.52,CN1CCc2cc(-c3nc4c(C(N)=O)cc(F)cc4[nH]3)sc2C1,109
CHEMBL4287147,,298.37,0,2.04,NC(=O)c1cccc2[nH]c(-c3cc4c(s3)CCNC4)nc12,113
CHEMBL1086580,,312.32,0,3.66,Oc1nc(-c2ccc(C(F)(F)F)cc2)nc2c1CSCC2,114
CHEMBL1086580,,312.32,0,3.66,Oc1nc(-c2ccc(C(F)(F)F)cc2)nc2c1CSCC2,114
CHEMBL1086580,,312.32,0,3.66,Oc1nc(-c2ccc(C(F)(F)F)cc2)nc2c1CSCC2,114
CHEMBL5205419,,388.48,0,2.68,CCc1cc2ncc(CN3CCN(c4ccc5cc[nH]c5n4)CC3)cc2[nH]c1=O,114.1
CHEMBL4277920,,386.5,0,3.77,CC(C)CC1NCCc2cc(-c3nc4c(C(N)=O)cc(F)cc4n3C)sc21,117
CHEMBL4290904,,316.36,0,2.18,NC(=O)c1cc(F)cc2[nH]c(-c3cc4c(s3)CNCC4)nc12,124
CHEMBL1892587,,218.21,0,1.35,O=C(O)CCc1nc(O)c2ccccc2n1,125
CHEMBL1892587,,218.21,0,1.35,O=C(O)CCc1nc(O)c2ccccc2n1,125.89
CHEMBL4081066,,341.42,0,1.27,NC(=O)c1cccc2[nH]c(C(=O)NC3CCN(CC4CC4)CC3)nc12,130
CHEMBL4279230,,312.4,0,2.38,CN1CCc2sc(-c3nc4c(C(N)=O)cccc4[nH]3)cc2C1,131
CHEMBL5179882,,406.49,0,1.93,CCc1cc2ncc(CN3CC[C@@H](Nc4ccc(C(=O)NC)nc4)C3)cc2[nH]c1=O,133
CHEMBL1086580,,312.32,0,3.66,Oc1nc(-c2ccc(C(F)(F)F)cc2)nc2c1CSCC2,134
CHEMBL506871,VELIPARIB,244.3,0,1.26,C[C@]1(c2nc3c(C(N)=O)cccc3[nH]2)CCCN1,137
CHEMBL5195834,,406.49,0,1.93,CCc1cc2ncc(CN3CC[C@H](Nc4ccc(C(=O)NC)nc4)C3)cc2[nH]c1=O,137
CHEMBL1173055,RUCAPARIB,323.37,0,2.98,CNCc1ccc(-c2[nH]c3cc(F)cc4c3c2CCNC4=O)cc1,138
CHEMBL1173055,RUCAPARIB,323.37,0,2.98,CNCc1ccc(-c2[nH]c3cc(F)cc4c3c2CCNC4=O)cc1,138.04
CHEMBL506871,VELIPARIB,244.3,0,1.26,C[C@]1(c2nc3c(C(N)=O)cccc3[nH]2)CCCN1,138.04
CHEMBL4278820,,326.43,0,2.77,CCN1CCc2sc(-c3nc4c(C(N)=O)cccc4[nH]3)cc2C1,140
CHEMBL4059827,,326.3,0,2.89,O=C1SCCc2nc(-c3ccc(C(F)(F)F)cc3)[nH]c(=O)c21,141
CHEMBL4059827,,326.3,0,2.89,O=C1SCCc2nc(-c3ccc(C(F)(F)F)cc3)[nH]c(=O)c21,141.25
CHEMBL4288572,,300.29,0,1.71,NC(=O)c1cc(F)cc2[nH]c(-c3cc4c(o3)CNCC4)nc12,144
CHEMBL4080163,,232.24,0,1.25,Cc1cccc2c(=O)[nH]c(CCC(=O)O)nc12,144.54
CHEMBL4080163,,232.24,0,1.25,Cc1cccc2c(=O)[nH]c(CCC(=O)O)nc12,145
CHEMBL4277995,,344.42,0,3.13,CCC1NCCc2cc(-c3nc4c(C(N)=O)cc(F)cc4[nH]3)sc21,145
CHEMBL4285227,,319.37,0,1.02,NC(=O)c1cc(F)cc2[nH]c(C3=NC4CCNCC4S3)nc12,149
CHEMBL5187899,,456.55,0,2.72,CCc1cc2ncc(CN3CCN(c4cc5cccc(C(=O)NC)c5cn4)CC3)cc2[nH]c1=O,151
CHEMBL5191912,,415.44,0,2.8,CCc1cc2ncc(CN3CCN(c4ccc(OC(F)F)nc4)CC3)cc2[nH]c1=O,154
CHEMBL4741921,,411.51,0,3.35,N#Cc1ccc(N2CCN([C@@H]3C=C(c4cc5c(N)cccc5c(=O)[nH]4)CC3)CC2)cc1,167
CHEMBL5201927,,418.5,0,2.09,CCc1cc2ncc(CN3CCN(c4cc5c(cn4)NC(=O)CC5)CC3)cc2[nH]c1=O,167.2
CHEMBL1173055,RUCAPARIB,323.37,0,2.98,CNCc1ccc(-c2[nH]c3cc(F)cc4c3c2CCNC4=O)cc1,172
CHEMBL5173989,,392.46,0,1.54,CCc1cc2ncc(CN3CC(Nc4ccc(C(=O)NC)nc4)C3)cc2[nH]c1=O,192
CHEMBL4282534,,358.44,0,3.37,CC(C)C1NCCc2cc(-c3nc4c(C(N)=O)cc(F)cc4[nH]3)sc21,196
CHEMBL4777158,,429.5,0,3.49,N#Cc1ccc(N2CCN([C@@H]3C=C(c4cc5c(N)cc(F)cc5c(=O)[nH]4)CC3)CC2)cc1,200
CHEMBL4758651,,332.82,0,2.46,NC(=O)c1cc(Cl)c2cc(-c3cc4c(s3)CCNC4)cnn12,209.38
CHEMBL5190645,,389.46,0,2.08,CCc1cc2ncc(CN3CCN(c4cnc5cn[nH]c5c4)CC3)cc2[nH]c1=O,210.5
CHEMBL4286332,,372.47,0,3.76,CC(C)CC1NCCc2cc(-c3nc4c(C(N)=O)cc(F)cc4[nH]3)sc21,219
CHEMBL4084234,,479.42,0,0.68,O=C(Nc1cncc(Cn2c(=O)[nH]c(=O)c3ccccc32)c1)[C@H]1CCNC1.O=C(O)C(F)(F)F,220
CHEMBL506871,VELIPARIB,244.3,0,1.26,C[C@]1(c2nc3c(C(N)=O)cccc3[nH]2)CCCN1,225
CHEMBL4289750,,356.43,0,3.13,NC(=O)c1cc(F)cc2[nH]c(-c3cc4c(s3)C(C3CC3)NCC4)nc12,239
CHEMBL5095220,AZD-5305,406.49,0,1.56,CCc1cc2ncc(CN3CCN(c4ccc(C(=O)NC)nc4)CC3)cc2[nH]c1=O,239.6
CHEMBL3933931,,438.53,0,1.87,COc1ccc(C(=O)C2CCN(CC(=O)NCc3nc4c(c(=O)[nH]3)CCCC4)CC2)cc1,243
CHEMBL4276836,,312.4,0,2.38,CN1CCc2cc(-c3nc4c(C(N)=O)cccc4[nH]3)sc2C1,247
CHEMBL521686,OLAPARIB,434.47,0,2.35,O=C(c1cc(Cc2n[nH]c(=O)c3ccccc23)ccc1F)N1CCN(C(=O)C2CC2)CC1,251
CHEMBL521686,OLAPARIB,434.47,0,2.35,O=C(c1cc(Cc2n[nH]c(=O)c3ccccc23)ccc1F)N1CCN(C(=O)C2CC2)CC1,251.19
CHEMBL3827963,,331.17,0,3.36,COc1cccc2c(=O)[nH]c(-c3ccc(Br)cc3)nc12,259
CHEMBL3901232,,340.38,0,2.7,CC(C)(C)OC(=O)N1CCC2=C(C1)Nc1cccc3c(=O)[nH]nc2c13,270
CHEMBL4287485,,312.4,0,2.34,Cc1cc(C(N)=O)c2nc(-c3cc4c(s3)CNCC4)[nH]c2c1,281
CHEMBL4285923,,358.44,0,3.52,CCCC1NCCc2cc(-c3nc4c(C(N)=O)cc(F)cc4[nH]3)sc21,324
CHEMBL4291992,,386.5,0,3.77,Cn1c(-c2cc3c(s2)C(C(C)(C)C)NCC3)nc2c(C(N)=O)cc(F)cc21,328
CHEMBL5179279,,418.5,0,1.7,CCc1cc2ncc(CN3C[C@@H]4C[C@H]3CN4c3ccc(C(=O)NC)nc3)cc2[nH]c1=O,340
CHEMBL4642139,,500.67,1,4.77,O=c1[nH]c(SCCN2CCN(CCCOc3ccc(-c4ccccc4)cc3)CC2)nc2ccccc12,340
CHEMBL4632484,,547.68,1,2.66,O=C1CC2(CCN(C(=O)CN3CCN(CCSc4nc5ccccc5c(=O)[nH]4)CC3)CC2)Oc2ccccc21,347
CHEMBL4293136,,372.47,0,3.91,CCCCC1NCCc2cc(-c3nc4c(C(N)=O)cc(F)cc4[nH]3)sc21,348
CHEMBL4278332,,375.47,0,3.88,CC(C)(C)[C@H]1NCCC2C=C(c3nc4c(C(=O)O)cc(F)cc4[nH]3)SC21,356
CHEMBL4281379,,344.42,0,2.67,CCn1c(-c2cc3c(s2)CNCC3)nc2c(C(N)=O)cc(F)cc21,359
CHEMBL4756907,,346.84,0,2.8,CN1CCc2sc(-c3ccc4c(Cl)cc(C(N)=O)n4n3)cc2C1,363.35
CHEMBL4648016,,476.61,0,3.32,O=c1[nH]c(SCCN2CCN(CCCc3nc(-c4ccccc4)no3)CC2)nc2ccccc12,370
CHEMBL372303,PJ34,295.34,0,2.18,CN(C)CC(=O)Nc1ccc2[nH]c(=O)c3ccccc3c2c1,380.19
CHEMBL372303,PJ34,295.34,0,2.18,CN(C)CC(=O)Nc1ccc2[nH]c(=O)c3ccccc3c2c1,382
CHEMBL4280264,,332.82,0,2.69,NC(=O)c1cc(Cl)cc2[nH]c(-c3cc4c(s3)CNCC4)nc12,382
CHEMBL4744208,,346.84,0,2.8,CN1CCc2cc(-c3ccc4c(Cl)cc(C(N)=O)n4n3)sc2C1,382.13
CHEMBL4761828,,513.95,2,5.09,NC(=O)c1cc(Cl)c2ccc(-c3ccc(CN4CCN(c5ccc(C(F)(F)F)cc5)CC4)cc3)nn12,445.06
CHEMBL5180063,,407.52,0,2.43,CCc1cc2ncc(CN3CCN(c4ccc(C(C)(C)O)nc4)CC3)cc2[nH]c1=O,450
CHEMBL2431805,,312.32,0,3.25,O=c1[nH]c(-c2ccc(C(F)(F)F)cc2)nc2c1CCSC2,478.63
CHEMBL2431805,,312.32,0,3.25,O=c1[nH]c(-c2ccc(C(F)(F)F)cc2)nc2c1CCSC2,479
CHEMBL5176626,,377.45,0,1.8,CCc1cc2ncc(CN3CCc4nc(C(=O)NC)ccc4C3)cc2[nH]c1=O,485
CHEMBL5177596,,391.52,0,2.77,Cc1cnc(N2CCN(Cc3ccc4c5c(c(=O)[nH]c4c3)CCCC5)CC2)n1C,490
CHEMBL251030,,397.88,0,4.44,O=c1[nH]c(CCCN2CC=C(c3ccc(F)cc3)CC2)nc2c(Cl)cccc12,500
CHEMBL4741696,,388.92,0,4.05,CC(C)CC1NCCc2cc(-c3cnn4c(C(N)=O)cc(Cl)c4c3)sc21,501.6
CHEMBL4460557,,367.48,0,2.23,O=c1[nH]c(SCCN2CCN(c3ccccn3)CC2)nc2ccccc12,549
CHEMBL123798,,320.27,0,4.03,COc1cccc2c(O)nc(-c3ccc(C(F)(F)F)cc3)nc12,570
CHEMBL5191396,,387.49,0,3.05,Cc1cnc(N2CCN(Cc3ccc4c(c3)[nH]c(=O)c3ccccc34)CC2)n1C,600
CHEMBL5180001,,432.53,0,1.81,CCc1cc2ncc(CN3CC4CN(c5ccc(C(=O)NC)nc5)CC4C3)cc2[nH]c1=O,677.5
CHEMBL3098938,,254.26,0,3.04,Cc1cccc2c(=O)[nH]c(-c3ccc(F)cc3)nc12,683
CHEMBL3966085,,426.49,0,2,O=C(CN1CCC(C(=O)c2ccc(F)cc2)CC1)NCc1nc2c(c(=O)[nH]1)CCCC2,700
CHEMBL4754497,,328.8,0,2.82,CN(C)Cc1ccc(-c2ccc3c(Cl)cc(C(N)=O)n3n2)cc1,704.62
CHEMBL4853039,,462.46,0,3.13,O=C(c1ccco1)N1CCN(Cc2c(O)cc(O)c3c(=O)cc(-c4ccc(O)cc4)oc23)CC1,800
CHEMBL5187963,,284.34,0,2.31,Cc1cccc2c(=O)[nH]c(CSc3ncccn3)nc12,800
CHEMBL4762579,,388.92,0,4.05,CC(C)(C)C1NCCc2sc(-c3cnn4c(C(N)=O)cc(Cl)c4c3)cc21,811.39
CHEMBL5193674,,418.5,0,1.56,CCc1cc2ncc(CN3CC4(C3)CN(c3ccc(C(=O)NC)nc3)C4)cc2[nH]c1=O,839
CHEMBL3944854,,494.59,0,2.23,O=C(CN1CCC(C(=O)c2ccc(OCC3CCC3)cc2)CC1)NCc1nc2c(c(=O)[nH]1)COCC2,885
CHEMBL4868405,,464.54,0,3.96,O=c1cc(-c2ccc(O)cc2)oc2c(CN3CCN(Cc4cccs4)CC3)c(O)cc(O)c12,900
CHEMBL3944401,,494.59,0,2.23,O=C(CN1CCC(C(=O)c2ccc(OCCC3CC3)cc2)CC1)NCc1nc2c(c(=O)[nH]1)COCC2,920
CHEMBL125154,,297.27,0,2.92,COc1cccc2c(O)nc(-c3ccc([N+](=O)[O-])cc3)nc12,928
CHEMBL2314698,,442.48,0,3.76,COc1ccccc1NC(=O)c1ccc(NC(=O)CCc2nc3ccccc3c(=O)[nH]2)cc1,931
CHEMBL4641894,,424.53,0,2.97,O=C(OCc1ccccc1)N1CCN(CCSc2nc3ccccc3c(=O)[nH]2)CC1,963
CHEMBL4101890,,428.54,0,3.49,Cc1cc(N2C[C@@H](C)N[C@@H](C)C2)ncc1-c1ccc(-c2nc3c(ccn3C)c(=O)[nH]2)cc1,977.24
CHEMBL5179448,,445.53,0,1.81,CCc1cc2ncc(CN3CCN(c4ccc(C(=O)NC)c5nccn45)CC3)cc2[nH]c1=O,982
CHEMBL4101890,,428.54,0,3.49,Cc1cc(N2C[C@@H](C)N[C@@H](C)C2)ncc1-c1ccc(-c2nc3c(ccn3C)c(=O)[nH]2)cc1,990
CHEMBL5196723,,405.46,0,2.24,CCc1cc2ncc(CN3CCN(c4ccc5oc(=O)[nH]c5c4)CC3)cc2[nH]c1=O,993.8
CHEMBL4760246,,409.92,0,3.03,NC(=O)c1cc(Cl)c2ccc(-c3ccc(CN4CCN(C5CC5)CC4)cc3)nn12,997.49
CHEMBL4740356,,388.92,0,4.05,CC(C)(C)C1NCCc2cc(-c3cnn4c(C(N)=O)cc(Cl)c4c3)sc21,999.67
CHEMBL4799284,,397.09,0,2.4,COc1cc(/C=N/NC(N)=S)c(Br)c(Br)c1OC,1000
CHEMBL4089840,,279.3,0,2.79,O=C(COc1cccc2c(=O)[nH]ccc12)c1ccccc1,1000
CHEMBL4437173,,316.31,0,3.1,CC(C)(O)c1ccc(-c2nc3c(F)cc(F)cc3c(=O)[nH]2)cc1,1000
CHEMBL4785312,,383.84,0,1.8,NC(=O)c1cc(Cl)c2ccc(-c3ccc(C(=O)N4CCNCC4)cc3)nn12,1005.03
CHEMBL4760782,,467.96,0,3.08,CC(C)CC(=O)N1CCN(C(=O)c2ccc(-c3ccc4c(Cl)cc(C(N)=O)n4n3)cc2)CC1,1010.3
CHEMBL4089840,,279.3,0,2.79,O=C(COc1cccc2c(=O)[nH]ccc12)c1ccccc1,1071.52
CHEMBL4847227,,478.53,0,3.6,O=C(c1cccs1)N1CCN(Cc2c(O)cc(O)c3c(=O)cc(-c4ccc(O)cc4)oc23)CC1,1100
CHEMBL5197101,,405.5,0,2.17,CCc1cc2ccc(CN3CCN(c4ccc(C(=O)NC)nc4)CC3)cc2[nH]c1=O,1100
CHEMBL5209181,,392.51,0,2.25,Cc1cnc(N2CCN(Cc3ccc4c5c(c(=O)[nH]c4c3)CCCN5)CC2)n1C,1100
CHEMBL4856808,,459.5,0,3.29,O=c1cc(-c2ccc(O)cc2)oc2c(CN3CCN(Cc4ccncc4)CC3)c(O)cc(O)c12,1100
CHEMBL4758319,,451.91,0,2.45,NC(=O)c1cc(Cl)c2ccc(-c3ccc(C(=O)N4CCN(C(=O)C5CC5)CC4)cc3)nn12,1104.91
CHEMBL4778202,,314.78,0,2.47,CNCc1ccc(-c2ccc3c(Cl)cc(C(N)=O)n3n2)cc1,1118.31
CHEMBL4756008,,354.84,0,3.35,NC(=O)c1cc(Cl)c2ccc(-c3ccc(CN4CCCC4)cc3)nn12,1118.78
CHEMBL4746131,,411.94,0,3.28,CN(C)C1CCN(Cc2ccc(-c3ccc4c(Cl)cc(C(N)=O)n4n3)cc2)CC1,1126
CHEMBL3946751,,439.51,0,1.67,COc1ccc(C(=O)C2CCN(CC(=O)NCc3cc4c(c(=O)[nH]3)COCC4)CC2)cc1,1150
CHEMBL5206717,,402.5,0,2.8,CCc1cc2ncc(CN3CCc4cc(/C=C/C(=O)NC)ccc4C3)cc2[nH]c1=O,1163
CHEMBL5185522,,389.46,0,2.08,CCc1cc2ncc(CN3CCN(c4ccc5[nH]ncc5n4)CC3)cc2[nH]c1=O,1174
CHEMBL4741306,,372.88,0,3.41,NC(=O)c1cc(Cl)c2cc(-c3cc4c(s3)CCNC4C3CC3)cnn12,1198.4
CHEMBL5077731,,217.25,0,2.45,O=c1[nH]c2sccc2c2cc(O)ccc12,1200
CHEMBL4862002,,548.59,1,3.92,COc1ccc(CN2CCN(Cc3c(O)cc(O)c4c(=O)cc(-c5ccc(O)cc5)oc34)CC2)c(OC)c1OC,1200
CHEMBL4449082,,510.61,1,2.42,C[C@@H]1CN(c2cc(F)c3c(c2)N(C)C(=O)C32CCN(c3nc4c(c(=O)[nH]3)CCCN4C)CC2)C[C@H](C)O1,1240
CHEMBL4449082,,510.61,1,2.42,C[C@@H]1CN(c2cc(F)c3c(c2)N(C)C(=O)C32CCN(c3nc4c(c(=O)[nH]3)CCCN4C)CC2)C[C@H](C)O1,1240
CHEMBL4849380,,473.49,0,2.93,O=C(c1ccccn1)N1CCN(Cc2c(O)cc(O)c3c(=O)cc(-c4ccc(O)cc4)oc23)CC1,1300
CHEMBL4876922,,448.48,0,3.49,O=c1cc(-c2ccc(O)cc2)oc2c(CN3CCN(Cc4ccco4)CC3)c(O)cc(O)c12,1300
CHEMBL5185548,,457.46,0,3.1,CCc1cc2ncc(CN3CCN(c4ccc5nc(C(F)(F)F)[nH]c5n4)CC3)cc2[nH]c1=O,1397
CHEMBL4867555,,473.49,0,2.93,O=C(c1ccncc1)N1CCN(Cc2c(O)cc(O)c3c(=O)cc(-c4ccc(O)cc4)oc23)CC1,1400
CHEMBL5095220,AZD-5305,406.49,0,1.56,CCc1cc2ncc(CN3CCN(c4ccc(C(=O)NC)nc4)CC3)cc2[nH]c1=O,1400
CHEMBL4746094,,411.94,0,3.28,CC(C)N1CCN(Cc2ccc(-c3ccc4c(Cl)cc(C(N)=O)n4n3)cc2)CC1,1444.72
CHEMBL4848834,,473.49,0,2.93,O=C(c1cccnc1)N1CCN(Cc2c(O)cc(O)c3c(=O)cc(-c4ccc(O)cc4)oc23)CC1,1500
CHEMBL126871,,252.27,0,3.01,COc1cccc2c(O)nc(-c3ccccc3)nc12,1539
CHEMBL5179448,,445.53,0,1.81,CCc1cc2ncc(CN3CCN(c4ccc(C(=O)NC)c5nccn45)CC3)cc2[nH]c1=O,1558
CHEMBL3827770,,270.26,0,2.74,COc1cccc2c(=O)[nH]c(-c3ccc(F)cc3)nc12,1562
CHEMBL4759867,,416.84,0,2.75,COC1CCN(C(=O)c2ccc(-c3ccc4c(Cl)cc(C(N)=O)n4n3)c(F)c2)C1,1594
CHEMBL4785360,,430.87,0,3.14,COC1CCN(C(=O)c2ccc(-c3ccc4c(Cl)cc(C(N)=O)n4n3)c(F)c2)CC1,1642.75
CHEMBL4863696,,518.57,1,3.91,COc1cc(CN2CCN(Cc3c(O)cc(O)c4c(=O)cc(-c5ccc(O)cc5)oc34)CC2)cc(OC)c1,1700
CHEMBL4874589,,406.49,0,1.56,CCc1cc2cnc(CN3CCN(c4ccc(C(=O)NC)nc4)CC3)cc2[nH]c1=O,1700
CHEMBL4126054,,256.26,0,1.68,NC(=O)c1ccc(Oc2cccc(C(N)=O)c2)cc1,1700
CHEMBL4750148,,398.85,0,2.61,COC1CCN(C(=O)c2ccc(-c3ccc4c(Cl)cc(C(N)=O)n4n3)cc2)C1,1714.13
CHEMBL3110100,,448.55,0,3.78,N#Cc1ccc(O[C@H]2CC[C@H](NC(=O)CCSc3nc4ccccc4c(=O)[nH]3)CC2)cc1,1760
CHEMBL4873634,,446.46,0,2.69,O=c1cc(-c2ccc(O)cc2)oc2c(CN3CCN(c4cncnc4)CC3)c(O)cc(O)c12,1800
CHEMBL4876352,,472.54,0,4.2,Cc1ccc(CN2CCN(Cc3c(O)cc(O)c4c(=O)cc(-c5ccc(O)cc5)oc34)CC2)cc1,1800
CHEMBL4854276,,492.96,0,4.55,O=c1cc(-c2ccc(O)cc2)oc2c(CN3CCN(Cc4ccc(Cl)cc4)CC3)c(O)cc(O)c12,1800
CHEMBL1094636,NIRAPARIB,320.4,0,2.59,NC(=O)c1cccc2cn(-c3ccc([C@@H]4CCCNC4)cc3)nc12,1800
CHEMBL5084343,,231.28,0,2.75,COc1ccc2c(=O)[nH]c3sccc3c2c1,1800
CHEMBL4876971,,526.51,1,4.91,O=c1cc(-c2ccc(O)cc2)oc2c(CN3CCN(Cc4ccc(C(F)(F)F)cc4)CC3)c(O)cc(O)c12,1900
CHEMBL4751128,,469.9,0,2.59,NC(=O)c1cc(Cl)c2ccc(-c3ccc(F)c(C(=O)N4CCN(C(=O)C5CC5)CC4)c3)nn12,1923.75
CHEMBL3928915,,480.57,0,1.84,O=C(CN1CCC(C(=O)c2ccc(OCC3CC3)cc2)CC1)NCc1nc2c(c(=O)[nH]1)COCC2,1970
CHEMBL4865730,,488.54,0,3.9,COc1ccc(CN2CCN(Cc3c(O)cc(O)c4c(=O)cc(-c5ccc(O)cc5)oc34)CC2)cc1,2000
CHEMBL3939375,,330.39,0,2.97,O=c1[nH]nc2c3c(cccc13)NC1=C2CCN(Cc2ccccc2)C1,2000
CHEMBL4853266,,530.58,1,4.65,Cc1cc(C)cc(COC(=O)N2CCN(Cc3c(O)cc(O)c4c(=O)cc(-c5ccc(O)cc5)oc34)CC2)c1,2000
CHEMBL4875196,,476.5,0,4.03,O=c1cc(-c2ccc(O)cc2)oc2c(CN3CCN(Cc4ccc(F)cc4)CC3)c(O)cc(O)c12,2000
CHEMBL4848408,,460.49,0,3.6,O=c1cc(-c2ccc(O)cc2)oc2c(CN3CCN(c4ccccc4O)CC3)c(O)cc(O)c12,2000
CHEMBL5181770,,363.24,0,3.08,Cc1cc(Br)cc2c(=O)[nH]c(CSc3ncccn3)nc12,2000
CHEMBL5198072,,366.43,0,1.06,CCc1cc2ncc(CN3CCn4c(cnc4C(=O)NC)C3)cc2[nH]c1=O,2036
CHEMBL1164165,,267.24,0,2.5,O=c1[nH]c(-c2ccc([N+](=O)[O-])cc2)nc2ccccc12,2064
CHEMBL4850517,,502.52,1,4.03,O=C(OCc1ccccc1)N1CCN(Cc2c(O)cc(O)c3c(=O)cc(-c4ccc(O)cc4)oc23)CC1,2100
CHEMBL3947374,,468.55,0,1.84,CC(C)Oc1ccc(C(=O)C2CCN(CC(=O)NCc3nc4c(c(=O)[nH]3)COCC4)CC2)cc1,2100
CHEMBL4870649,,438.48,0,2.88,CC(C)C(=O)N1CCN(Cc2c(O)cc(O)c3c(=O)cc(-c4ccc(O)cc4)oc23)CC1,2100
CHEMBL4855360,,444.49,0,3.9,O=c1cc(-c2ccc(O)cc2)oc2c(CN3CCN(c4ccccc4)CC3)c(O)cc(O)c12,2100
CHEMBL3906833,,468.55,0,1.84,CCCOc1ccc(C(=O)C2CCN(CC(=O)NCc3nc4c(c(=O)[nH]3)COCC4)CC2)cc1,2130
CHEMBL2381945,,448.5,0,4.8,CC1(C)OC(=O)N([C@H]2CC[C@H](n3c(=O)[nH]c4cc(C#N)c(F)cc43)CC2)[C@H]1c1ccccc1,2200
CHEMBL4745626,,356.86,0,3.6,CCN(CC)Cc1ccc(-c2ccc3c(Cl)cc(C(N)=O)n3n2)cc1,2202.99
CHEMBL4454483,,340.43,0,1.98,COc1ccccc1N1CCN(c2nc3c(c(=O)[nH]2)CCCC3)CC1,2230
CHEMBL4454483,,340.43,0,1.98,COc1ccccc1N1CCN(c2nc3c(c(=O)[nH]2)CCCC3)CC1,2230
CHEMBL3943283,,424.5,0,1.36,Cc1ccc(C(=O)C2CCN(CC(=O)NCc3nc4c(c(=O)[nH]3)COCC4)CC2)cc1,2300
CHEMBL4866335,,478.55,0,3.8,O=C(C1CCCCC1)N1CCN(Cc2c(O)cc(O)c3c(=O)cc(-c4ccc(O)cc4)oc23)CC1,2300
CHEMBL4752536,,469.9,0,2.59,NC(=O)c1cc(Cl)c2ccc(-c3ccc(C(=O)N4CCN(C(=O)C5CC5)CC4)cc3F)nn12,2324.48
CHEMBL4779263,,369.86,0,2.16,NC(=O)c1cc(Cl)c2ccc(-c3ccc(CN4CCNCC4)cc3)nn12,2325.82
CHEMBL3956527,,484.55,0,1.08,COCCOc1ccc(C(=O)C2CCN(CC(=O)NCc3nc4c(c(=O)[nH]3)COCC4)CC2)cc1,2370
CHEMBL5183769,,406.49,0,1.56,CCc1cc2ccc(CN3CCN(c4cnc(C(=O)NC)nc4)CC3)cc2[nH]c1=O,2400
CHEMBL3110117,,475.57,0,4.3,O=C(CCSc1nc2ccccc2c(=O)[nH]1)N[C@H]1CC[C@H](c2nnc(-c3ccccc3)o2)CC1,2450
CHEMBL4874308,,452.51,0,2.87,O=c1cc(-c2ccc(O)cc2)oc2c(CN3CCN(CC4CCCO4)CC3)c(O)cc(O)c12,2500
CHEMBL4854910,,502.52,1,3.54,COc1ccc(C(=O)N2CCN(Cc3c(O)cc(O)c4c(=O)cc(-c5ccc(O)cc5)oc34)CC2)cc1,2500
CHEMBL4868456,,436.46,0,2.63,O=C(C1CC1)N1CCN(Cc2c(O)cc(O)c3c(=O)cc(-c4ccc(O)cc4)oc23)CC1,2500
CHEMBL3925030,,444.92,0,1.71,O=C(CN1CCC(C(=O)c2ccc(Cl)cc2)CC1)NCc1nc2c(c(=O)[nH]1)COCC2,2590
CHEMBL1163173,,256.69,0,3.24,O=c1[nH]c(-c2ccc(Cl)cc2)nc2ccccc12,2600
CHEMBL4869388,,450.49,0,3.02,O=C(C1CCC1)N1CCN(Cc2c(O)cc(O)c3c(=O)cc(-c4ccc(O)cc4)oc23)CC1,2600
CHEMBL4861133,,448.48,0,3.49,O=c1cc(-c2ccc(O)cc2)oc2c(CN3CCN(Cc4ccoc4)CC3)c(O)cc(O)c12,2600
CHEMBL4448872,,416.47,0,2.28,O=c1[nH]c(N2CCC3(CC2)CN(CCO)c2cc(F)cc(F)c23)nc2c1CCCC2,2717
CHEMBL4448872,,416.47,0,2.28,O=c1[nH]c(N2CCC3(CC2)CN(CCO)c2cc(F)cc(F)c23)nc2c1CCCC2,2717
CHEMBL4448872,,416.47,0,2.28,O=c1[nH]c(N2CCC3(CC2)CN(CCO)c2cc(F)cc(F)c23)nc2c1CCCC2,2717
CHEMBL4758514,,388.92,0,4.05,CC(C)CC1NCCc2sc(-c3cnn4c(C(N)=O)cc(Cl)c4c3)cc21,2756.47
CHEMBL4850338,,464.54,0,3.96,O=c1cc(-c2ccc(O)cc2)oc2c(CN3CCN(Cc4ccsc4)CC3)c(O)cc(O)c12,2800
CHEMBL4865987,,512.48,1,4.92,O=c1cc(-c2ccc(O)cc2)oc2c(CN3CCN(c4ccc(C(F)(F)F)cc4)CC3)c(O)cc(O)c12,2800
CHEMBL4846968,,458.51,0,4.21,Cc1ccc(N2CCN(Cc3c(O)cc(O)c4c(=O)cc(-c5ccc(O)cc5)oc34)CC2)cc1,2800
CHEMBL3903427,,510.59,1,1.61,O=C(CN1CCC(C(=O)c2ccc(OC3CCOCC3)cc2)CC1)NCc1nc2c(c(=O)[nH]1)COCC2,2840
CHEMBL3921853,,474.56,0,2.94,COc1ccc(C(=O)C2CCN([C@H]3CCN(Cc4nc5ccccc(=O)c5[nH]4)C3=O)CC2)cc1C,2900
CHEMBL3902386,,438.49,0,0.44,O=C(CN1CCC(n2c(=O)[nH]c3ccccc32)CC1)NCc1nc2c(c(=O)[nH]1)COCC2,2900
CHEMBL4862496,,462.48,0,4.04,O=c1cc(-c2ccc(O)cc2)oc2c(CN3CCN(c4ccc(F)cc4)CC3)c(O)cc(O)c12,2900
CHEMBL4851728,,472.5,0,3.53,O=C(c1ccccc1)N1CCN(Cc2c(O)cc(O)c3c(=O)cc(-c4ccc(O)cc4)oc23)CC1,2900
CHEMBL4847485,,540.49,1,4.55,O=C(c1cccc(C(F)(F)F)c1)N1CCN(Cc2c(O)cc(O)c3c(=O)cc(-c4ccc(O)cc4)oc23)CC1,2900
CHEMBL4862834,,460.49,0,3.6,O=c1cc(-c2ccc(O)cc2)oc2c(CN3CCN(c4ccc(O)cc4)CC3)c(O)cc(O)c12,2900
CHEMBL4861814,,422.48,0,3.1,O=c1cc(-c2ccc(O)cc2)oc2c(CN3CCN(CC4CC4)CC3)c(O)cc(O)c12,2900
CHEMBL5187899,,456.55,0,2.72,CCc1cc2ncc(CN3CCN(c4cc5cccc(C(=O)NC)c5cn4)CC3)cc2[nH]c1=O,2976
CHEMBL4863798,,410.43,0,2.24,CC(=O)N1CCN(Cc2c(O)cc(O)c3c(=O)cc(-c4ccc(O)cc4)oc23)CC1,3000
CHEMBL4852964,,506.94,1,4.19,O=C(c1ccc(Cl)cc1)N1CCN(Cc2c(O)cc(O)c3c(=O)cc(-c4ccc(O)cc4)oc23)CC1,3000
CHEMBL5179882,,406.49,0,1.93,CCc1cc2ncc(CN3CC[C@@H](Nc4ccc(C(=O)NC)nc4)C3)cc2[nH]c1=O,3005
CHEMBL5202261,,420.52,0,2.32,CCc1cc2ncc(CN3CCC(Nc4ccc(C(=O)NC)nc4)CC3)cc2[nH]c1=O,3054
CHEMBL3978546,,441.46,0,1.62,O=C(CN1CCC(c2noc3cc(F)ccc23)CC1)NCc1nc2c(c(=O)[nH]1)COCC2,3090
CHEMBL346886,,304.27,0,4.33,Cc1cccc2c(O)nc(-c3ccc(C(F)(F)F)cc3)nc12,3098
CHEMBL2419697,,428.46,0,1.19,O=C(CN1CCC(C(=O)c2ccc(F)cc2)CC1)NCc1nc2c(c(=O)[nH]1)COCC2,3100
CHEMBL2419697,,428.46,0,1.19,O=C(CN1CCC(C(=O)c2ccc(F)cc2)CC1)NCc1nc2c(c(=O)[nH]1)COCC2,3150
CHEMBL3903965,,454.53,0,1.45,CCOc1ccc(C(=O)C2CCN(CC(=O)NCc3nc4c(c(=O)[nH]3)COCC4)CC2)cc1,3200
CHEMBL4864330,,464.56,0,4.27,O=c1cc(-c2ccc(O)cc2)oc2c(CN3CCN(CC4CCCCC4)CC3)c(O)cc(O)c12,3200
CHEMBL3593716,,248.33,0,0.4,CN1CCN(c2nc3c(c(=O)[nH]2)CCCC3)CC1,3600
CHEMBL3986246,,440.5,0,1.06,COc1ccc(C(=O)C2CCN(CC(=O)NCc3nc4c(c(=O)[nH]3)COCC4)CC2)cc1,3640
CHEMBL4854158,,478.93,0,4.55,O=c1cc(-c2ccc(O)cc2)oc2c(CN3CCN(c4ccc(Cl)cc4)CC3)c(O)cc(O)c12,3700
CHEMBL4877994,,438.52,0,3.74,CC(C)CCN1CCN(Cc2c(O)cc(O)c3c(=O)cc(-c4ccc(O)cc4)oc23)CC1,3700
CHEMBL2425812,,343.24,0,3.26,O=C(CCc1cccc(Cl)c1Cl)Nc1nnc2n1CCS2,3800
CHEMBL5200723,,404.51,0,2.77,CCc1cc2ccc(CN3CCN(c4ccc(C(=O)NC)cc4)CC3)cc2[nH]c1=O,3900
CHEMBL521686,OLAPARIB,434.47,0,2.35,O=C(c1cc(Cc2n[nH]c(=O)c3ccccc23)ccc1F)N1CCN(C(=O)C2CC2)CC1,3910
CHEMBL3918110,,480.57,0,1.86,COc1ccc(C(=O)C2CCN([C@H]3CCN(Cc4nc5c(c(=O)[nH]4)COCC5)C3=O)CC2)cc1C,4000
CHEMBL4863900,,443.5,0,4.96,O=c1cc(-c2ccc(O)cc2)oc2c(CN3CCC(c4ccccc4)CC3)c(O)cc(O)c12,4000
CHEMBL5193246,,400.91,0,2.37,Cc1cnc(N2CCN(CCCc3nc4c(Cl)cccc4c(=O)[nH]3)CC2)n1C,4000
CHEMBL5176626,,377.45,0,1.8,CCc1cc2ncc(CN3CCc4nc(C(=O)NC)ccc4C3)cc2[nH]c1=O,4039
CHEMBL2419889,,312.32,0,3.49,O=c1[nH]c(-c2ccc(C(F)(F)F)cc2)nc2c1SCCC2,4080
CHEMBL5195834,,406.49,0,1.93,CCc1cc2ncc(CN3CC[C@H](Nc4ccc(C(=O)NC)nc4)C3)cc2[nH]c1=O,4171
CHEMBL3593715,,325.42,0,1.37,O=c1[nH]c(N2CCN(Cc3ccncc3)CC2)nc2c1CCCC2,4200
CHEMBL5181905,,365.48,0,2.45,CCc1cc2ccc(CN3CCN(c4ncc(C)n4C)CC3)cc2[nH]c1=O,4200
CHEMBL3967549,,454.53,0,1.37,COc1ccc(C(=O)C2CCN(CC(=O)NCc3nc4c(c(=O)[nH]3)COCC4)CC2)cc1C,4260
CHEMBL4857076,,507.49,1,4.95,O=C(c1cccc(F)c1F)C1CCN(Cc2c(O)cc(O)c3c(=O)cc(-c4ccc(O)cc4)oc23)CC1,4500
CHEMBL4786867,,412.88,0,3,COC1CCN(C(=O)c2ccc(-c3ccc4c(Cl)cc(C(N)=O)n4n3)cc2)CC1,4508.4
CHEMBL3939009,,452.51,0,0.99,O=C(CN1CCC(C(=O)c2ccc3c(c2)CCO3)CC1)NCc1nc2c(c(=O)[nH]1)COCC2,4530
CHEMBL3941919,,470.96,0,2.19,O=C(c1ccc(Cl)cc1)C1CCN(C2CCN(Cc3nc4c(c(=O)[nH]3)COCC4)C2=O)CC1,4620
CHEMBL3932754,,424.5,0,1.48,COc1ccc(C(=O)C2CCN(CC(=O)NCc3nc4c(c(=O)[nH]3)CCC4)CC2)cc1,4620
CHEMBL18688,,240.24,0,3.14,Oc1nc(-c2ccc(F)cc2)nc2ccccc12,4688
CHEMBL2425813,,343.24,0,3.26,O=C(CCc1ccc(Cl)cc1Cl)Nc1nnc2n1CCS2,4700
CHEMBL3897483,,466.54,0,1.55,COc1ccc(C(=O)C2CCN([C@H]3CCN(Cc4nc5c(c(=O)[nH]4)COCC5)C3=O)CC2)cc1,4800
CHEMBL1836301,,397.43,0,2.78,O=c1cc(-c2ccc(O)cc2)oc2c(CN3CCC(CO)CC3)c(O)cc(O)c12,4800
CHEMBL5188853,,406.49,0,1.56,CCc1nc2ccc(CN3CCN(c4ccc(C(=O)NC)nc4)CC3)cc2[nH]c1=O,4900
CHEMBL4087876,,375.39,0,1.89,O=C(c1ccc(Nc2nc3ccccc3n3nnnc23)cc1)N1CCOCC1,5011.87
CHEMBL4060134,,482.51,0,1.75,Cn1cnc(C(=O)N2CCN(C(=O)c3ccc(Nc4nc5ccccc5n5nnnc45)cc3)CC2)c1,5011.87
CHEMBL1086580,,312.32,0,3.66,Oc1nc(-c2ccc(C(F)(F)F)cc2)nc2c1CSCC2,5011.87
CHEMBL4087470,,452.48,0,2.17,O=C(c1ccc(Nc2nc3ccccc3n3nnnc23)cc1)N1CCN(c2ncccn2)CC1,5011.87
CHEMBL4064332,,304.36,0,3.54,CC(C)c1ccc(Nc2nc3ccccc3n3nnnc23)cc1,5011.87
CHEMBL3897864,,484.58,0,1.53,COc1ccc(C(=O)C2CCN(C3CCN(CC(=O)Nc4nnc5n4CCS5)C3=O)CC2)cc1,5090
CHEMBL3929005,,466.54,0,1.55,COc1ccc(C(=O)C2CCN(C3CCN(Cc4nc5c(c(=O)[nH]4)COCC5)C3=O)CC2)cc1,5400
CHEMBL4855558,,439.46,0,3.35,CCOC(=O)C1CCN(Cc2c(O)cc(O)c3c(=O)cc(-c4ccc(O)cc4)oc23)CC1,5600
CHEMBL5195580,,406.49,0,1.56,CCc1cc2ccc(CN3CCN(c4cnc(C(=O)NC)cn4)CC3)cc2[nH]c1=O,5900
CHEMBL3098936,,286.72,0,3.25,COc1cccc2c(=O)[nH]c(-c3ccc(Cl)cc3)nc12,6022
CHEMBL3964994,,484.58,0,1.53,COc1ccc(C(=O)C2CCN([C@@H]3CCN(CC(=O)Nc4nnc5n4CCS5)C3=O)CC2)cc1,6300
CHEMBL5191912,,415.44,0,2.8,CCc1cc2ncc(CN3CCN(c4ccc(OC(F)F)nc4)CC3)cc2[nH]c1=O,6303
CHEMBL3098939,,270.72,0,3.55,Cc1cccc2c(=O)[nH]c(-c3ccc(Cl)cc3)nc12,6350
CHEMBL3606021,,395.43,0,2.92,NC(=O)c1cc(F)cc2c1C(=O)N(C1CCN(C3CCC(F)(F)CC3)CC1)C2,6600
CHEMBL5178594,,393.49,0,1.96,Cc1cnc(N2CCN(Cc3ccc4c5c(c(=O)[nH]c4c3)COCC5)CC2)n1C,6600
CHEMBL4872760,,425.44,0,2.96,COC(=O)C1CCN(Cc2c(O)cc(O)c3c(=O)cc(-c4ccc(O)cc4)oc23)CC1,6700
CHEMBL4098188,,463.5,0,4.29,O=C(CCc1nc2ccccc2c(=O)[nH]1)Nc1ccc(C(=O)Nc2cccc3cccnc23)cc1,6900
CHEMBL4098188,,463.5,0,4.29,O=C(CCc1nc2ccccc2c(=O)[nH]1)Nc1ccc(C(=O)Nc2cccc3cccnc23)cc1,6918.31
CHEMBL5202060,,406.49,0,1.56,CCc1cc2ccc(CN3CCN(c4ccc(C(=O)NC)nn4)CC3)cc2[nH]c1=O,7400
CHEMBL4875472,,441.48,0,4.87,O=c1cc(-c2ccc(O)cc2)oc2c(CN3CC=C(c4ccccc4)CC3)c(O)cc(O)c12,7900
CHEMBL64780,,267.24,0,3.37,O=c1cc(-c2ccc([N+](=O)[O-])cc2)oc2ccccc12,8300
CHEMBL64780,,267.24,0,3.37,O=c1cc(-c2ccc([N+](=O)[O-])cc2)oc2ccccc12,8317.64
CHEMBL4864125,,524.46,2,5.86,O=c1cc(-c2cccc(-c3c(O)cc(O)c4c(=O)cc(-c5ccc(F)cc5)oc34)c2)oc2cc(O)cc(O)c12,8500
CHEMBL5197824,,388.48,0,2.44,Cc1cnc(N2CCN(Cc3ccc4c(c3)[nH]c(=O)c3cccnc34)CC2)n1C,9100
CHEMBL3961412,,492.62,0,2.99,COc1ccc(C(=O)C2CCN(CC(=O)N(Cc3nc4c(c(=O)[nH]3)CCCC4)CC3CC3)CC2)cc1,9140
CHEMBL3956961,,454.5,0,1.68,O=C(c1ccc(F)cc1)C1CCN(C2CCN(Cc3nc4c(c(=O)[nH]3)COCC4)C2=O)CC1,9200
CHEMBL5178741,,406.49,0,1.93,CCc1cc2ncc(CN3CCC(Nc4ccc(C(=O)NC)nc4)C3)cc2[nH]c1=O,9440
CHEMBL2381633,,253.28,0,3.64,Cc1cc(=O)[nH]c2cc(-c3ccccc3F)ccc12,10000
CHEMBL2419892,,290.24,0,3.61,O=c1[nH]c(-c2ccc(C(F)(F)F)cc2)nc2ccccc12,10000
CHEMBL3828579,,385.42,0,4.02,O=C(NCc1ccc(-c2nc3ccccc3c(=O)[nH]2)cc1)OCc1ccccc1,10000
CHEMBL4095003,,468.91,0,4.01,N#Cc1ccc2c(c1)[nH]c(=O)n2[C@H]1C[C@H](c2nnc(-c3ccncn3)n2-c2ccccc2Cl)C1,10000
CHEMBL2381958,,437.5,1,5.96,CC1(C)OC(=O)N(c2ccc(C(=O)Nc3cccc4cccnc34)cc2)[C@H]1c1ccccc1,10000
CHEMBL4633637,,458.5,0,3.94,CCOc1ccc(-c2nnc([C@H]3C[C@H](NC(=O)c4ccccn4)C3)n2-c2ccccc2F)nc1,10000
CHEMBL4633637,,458.5,0,3.94,CCOc1ccc(-c2nnc([C@H]3C[C@H](NC(=O)c4ccccn4)C3)n2-c2ccccc2F)nc1,10000
CHEMBL3238252,,269.31,0,1.79,Cc1cc(NCCc2ccc(O)cc2)c2nncn2n1,10000
CHEMBL5090849,,509.55,1,4.49,CCOc1ccc(-c2nnc([C@H]3C[C@H](NC(=O)c4cccc5nccnc45)C3)n2-c2ccccc2F)nc1,10000
CHEMBL3238252,,269.31,0,1.79,Cc1cc(NCCc2ccc(O)cc2)c2nncn2n1,10000
CHEMBL4111286,,460.53,0,2.63,COc1ccc(C(=O)C2CCN([C@@H]3CCN(Cc4nc5ccccc(=O)c5[nH]4)C3=O)CC2)cc1,10100
CHEMBL3929392,,454.5,0,1.68,O=C(c1ccc(F)cc1)C1CCN([C@H]2CCN(Cc3nc4c(c(=O)[nH]3)COCC4)C2=O)CC1,10200
CHEMBL63354,AMENTOFLAVONE,538.46,3,5.13,O=c1cc(-c2ccc(O)c(-c3c(O)cc(O)c4c(=O)cc(-c5ccc(O)cc5)oc34)c2)oc2cc(O)cc(O)c12,10300
CHEMBL4864275,,522.47,2,5.43,O=c1cc(-c2cccc(-c3c(O)cc(O)c4c(=O)cc(-c5ccc(O)cc5)oc34)c2)oc2cc(O)cc(O)c12,10300
CHEMBL63354,AMENTOFLAVONE,538.46,3,5.13,O=c1cc(-c2ccc(O)c(-c3c(O)cc(O)c4c(=O)cc(-c5ccc(O)cc5)oc34)c2)oc2cc(O)cc(O)c12,10300
CHEMBL2419716,,409.51,0,3.07,O=C(CCc1ccccc1)N(Cc1ccsc1)Cc1nc2c(c(=O)[nH]1)COCC2,10400
CHEMBL2419716,,409.51,0,3.07,O=C(CCc1ccccc1)N(Cc1ccsc1)Cc1nc2c(c(=O)[nH]1)COCC2,10400
CHEMBL3098937,,315.17,0,3.66,Cc1cccc2c(=O)[nH]c(-c3ccc(Br)cc3)nc12,10529
CHEMBL3927023,,450.54,0,1.96,COc1ccc(C(=O)C2CCN(C3CCN(Cc4nc5c(c(=O)[nH]4)CCC5)C3=O)CC2)cc1,10700
CHEMBL4850879,,512.5,2,5.78,O=c1cc(-c2cccc(-c3c(O)cc(O)c4c(=O)cc(-c5cccs5)oc34)c2)oc2cc(O)cc(O)c12,11100
CHEMBL4069447,,477.52,0,4.6,Cc1cccc2c(=O)[nH]c(CCC(=O)Nc3ccc(C(=O)Nc4cccc5cccnc45)cc3)nc12,11481.54
CHEMBL4069447,,477.52,0,4.6,Cc1cccc2c(=O)[nH]c(CCC(=O)Nc3ccc(C(=O)Nc4cccc5cccnc45)cc3)nc12,11600
CHEMBL3975140,,558.5,1,2.93,O=C(c1ccc(OC(F)(F)F)cc1)C1CCN(CC(=O)N(Cc2nc3c(c(=O)[nH]2)COCC3)CC(F)F)CC1,11760
CHEMBL5208807,,446.48,0,2.76,CCc1cc2ncc(CN3CCN(c4ccc(C(N)C(F)(F)F)nc4)CC3)cc2[nH]c1=O,11790
CHEMBL5173989,,392.46,0,1.54,CCc1cc2ncc(CN3CC(Nc4ccc(C(=O)NC)nc4)C3)cc2[nH]c1=O,12027
CHEMBL4868946,,520.49,2,6.03,Cc1ccc(-c2cc(=O)c3c(O)cc(O)c(-c4cccc(-c5cc(=O)c6c(O)cc(O)cc6o5)c4)c3o2)cc1,12500
CHEMBL4860646,,534.52,2,6.34,Cc1ccc(-c2cc(=O)c3c(O)cc(O)c(-c4cccc(-c5cc(=O)c6c(O)cc(O)cc6o5)c4)c3o2)cc1C,12700
CHEMBL5180063,,407.52,0,2.43,CCc1cc2ncc(CN3CCN(c4ccc(C(C)(C)O)nc4)CC3)cc2[nH]c1=O,13990
CHEMBL4872638,,496.43,1,5.32,O=c1cc(-c2cccc(-c3c(O)cc(O)c4c(=O)cc(-c5ccco5)oc34)c2)oc2cc(O)cc(O)c12,14700
CHEMBL5187963,,284.34,0,2.31,Cc1cccc2c(=O)[nH]c(CSc3ncccn3)nc12,16000
CHEMBL5186007,,298.37,0,2.62,Cc1ccc2c(=O)[nH]c(CSc3ncccn3)nc2c1C,17400
CHEMBL562310,,409.45,0,3.8,O=C(Nc1cccc2cccnc12)c1ccc(N2C(=O)[C@@H]3[C@H](C2=O)[C@@H]2C=C[C@H]3C2)cc1,18700
CHEMBL562310,,409.45,0,3.8,O=C(Nc1cccc2cccnc12)c1ccc(N2C(=O)[C@@H]3[C@H](C2=O)[C@@H]2C=C[C@H]3C2)cc1,18750
CHEMBL2425810,,343.24,0,3.26,O=C(CCc1c(Cl)cccc1Cl)Nc1nnc2n1CCS2,19000
CHEMBL2419700,,519.58,1,2.5,O=C(c1ccc(F)cc1)C1CCN(CC(=O)N(Cc2ccccn2)Cc2nc3c(c(=O)[nH]2)COCC3)CC1,19000
CHEMBL3956490,,575.67,1,3.72,O=C(c1ccc(F)cc1)C1CCN(CC(=O)N(Cc2nc3c(c(=O)[nH]2)COCC3)Cc2nc3ccccc3s2)CC1,19000
CHEMBL3955207,,440.48,0,1.12,O=C(CN1CCC2(CC1)Cc1cc(F)ccc1C2=O)NCc1nc2c(c(=O)[nH]1)COCC2,19000
CHEMBL2419699,,518.59,1,3.11,O=C(c1ccc(F)cc1)C1CCN(CC(=O)N(Cc2ccccc2)Cc2nc3c(c(=O)[nH]2)COCC3)CC1,19000
CHEMBL3909379,,438.53,0,2.09,COc1ccc(C(=O)C2CCN(C3CCN(Cc4nc(C)c(C)c(=O)[nH]4)C3=O)CC2)cc1,19000
CHEMBL3892864,,512.58,1,2.08,O=C(c1ccc(F)cc1)C1CCN(CC(=O)N(Cc2nc3c(c(=O)[nH]2)COCC3)C[C@@H]2CCCO2)CC1,19000
CHEMBL1552719,,456.53,0,4.99,COc1ccc(-n2c(SCc3nc(-c4ccc(C)cc4)no3)nnc2-c2ccncc2)cc1,19000
CHEMBL1898239,,409.47,0,3.94,COc1ccc(-c2noc(CSc3nnc(C)n3-c3ccc(OC)cc3)n2)cc1,19000
CHEMBL2419702,,470.55,0,2.32,CCCN(Cc1nc2c(c(=O)[nH]1)COCC2)C(=O)CN1CCC(C(=O)c2ccc(F)cc2)CC1,19000
CHEMBL2419706,,494.59,0,2.18,COc1ccc(C(=O)C2CCN(CC(=O)N(Cc3nc4c(c(=O)[nH]3)COCC4)CC3CC3)CC2)cc1,19000
CHEMBL2419699,,518.59,1,3.11,O=C(c1ccc(F)cc1)C1CCN(CC(=O)N(Cc2ccccc2)Cc2nc3c(c(=O)[nH]2)COCC3)CC1,19000
CHEMBL2419694,,425.51,0,2.77,O=C(CCc1cccc(O)c1)N(Cc1nc2c(c(=O)[nH]1)COCC2)Cc1cccs1,19000
CHEMBL2425790,,316.43,0,3.32,CC(C)(C)c1ccc(C(=O)Nc2nnc3n2CCCS3)cc1,19000
CHEMBL3900374,,438.53,0,2.04,CCc1cc(=O)[nH]c(CN2CCC(N3CCC(C(=O)c4ccc(OC)cc4)CC3)C2=O)n1,19000
CHEMBL3986804,,538.65,1,3.73,CC(c1cccs1)N(Cc1nc2c(c(=O)[nH]1)COCC2)C(=O)CN1CCC(C(=O)c2ccc(F)cc2)CC1,19000
CHEMBL4110045,,512.58,1,2.08,O=C(c1ccc(F)cc1)C1CCN(CC(=O)N(Cc2nc3c(c(=O)[nH]2)COCC3)C[C@H]2CCCO2)CC1,19000
CHEMBL3938947,,548.62,1,3.11,COc1ccc(CN(Cc2nc3c(c(=O)[nH]2)COCC3)C(=O)CN2CCC(C(=O)c3ccc(F)cc3)CC2)cc1,19000
CHEMBL3898270,,484.57,0,2.7,CC[C@H](C)N(Cc1nc2c(c(=O)[nH]1)COCC2)C(=O)CN1CCC(C(=O)c2ccc(F)cc2)CC1,19000
CHEMBL3907294,,470.55,0,2.31,CC(C)N(Cc1nc2c(c(=O)[nH]1)COCC2)C(=O)CN1CCC(C(=O)c2ccc(F)cc2)CC1,19000
CHEMBL3922251,,474.51,0,1.87,O=C(c1ccc(F)cc1)C1CCN(CC(=O)N(CCF)Cc2nc3c(c(=O)[nH]2)COCC3)CC1,19000
CHEMBL3901978,,412.49,0,1.61,COc1ccc(C(=O)C2CCN(CC(=O)NCc3nc(C)c(C)c(=O)[nH]3)CC2)cc1,19000
CHEMBL3929923,,498.6,0,2.95,CC(C)(C)CN(Cc1nc2c(c(=O)[nH]1)COCC2)C(=O)CN1CCC(C(=O)c2ccc(F)cc2)CC1,19000
CHEMBL3937250,,536.58,1,3.24,O=C(c1ccc(F)cc1)C1CCN(CC(=O)N(Cc2cccc(F)c2)Cc2nc3c(c(=O)[nH]2)COCC3)CC1,19000
CHEMBL2419712,,409.51,0,3.07,O=C(CCc1ccccc1)N(Cc1nc2c(c(=O)[nH]1)COCC2)Cc1cccs1,19000
CHEMBL2419698,,524.62,1,3.17,O=C(c1ccc(F)cc1)C1CCN(CC(=O)N(Cc2nc3c(c(=O)[nH]2)COCC3)Cc2cccs2)CC1,19000
CHEMBL3933577,,554.57,1,3.38,O=C(c1ccc(F)cc1)C1CCN(CC(=O)N(Cc2nc3c(c(=O)[nH]2)COCC3)Cc2ccc(F)cc2F)CC1,19000
CHEMBL4112739,,496.58,0,2.7,C[C@H](C1CC1)N(Cc1nc2c(c(=O)[nH]1)COCC2)C(=O)CN1CCC(C(=O)c2ccc(F)cc2)CC1,19000
CHEMBL3935111,,504.53,1,2.04,COc1ccc(C(=O)C2CCN(CC(=O)N(Cc3nc4c(c(=O)[nH]3)COCC4)CC(F)F)CC2)cc1,19000
CHEMBL1867804,,439.5,0,3.94,COc1ccc(-n2c(C)nnc2SCc2nc(-c3ccc(OC)c(OC)c3)no2)cc1,19000
CHEMBL3891789,,548.56,1,3.07,O=C(c1ccc(OC(F)(F)F)cc1)C1CCN(CC(=O)N(Cc2nc3c(c(=O)[nH]2)COCC3)CC2CC2)CC1,19000
CHEMBL4110589,,532.62,1,3.67,C[C@H](c1ccccc1)N(Cc1nc2c(c(=O)[nH]1)COCC2)C(=O)CN1CCC(C(=O)c2ccc(F)cc2)CC1,19000
CHEMBL3945237,,464.53,0,1.36,COc1ccc(C(=O)C2CCN(C3CCN(Cc4nc5c(cnn5C)c(=O)[nH]4)C3=O)CC2)cc1,19000
CHEMBL2419698,,524.62,1,3.17,O=C(c1ccc(F)cc1)C1CCN(CC(=O)N(Cc2nc3c(c(=O)[nH]2)COCC3)Cc2cccs2)CC1,19000
CHEMBL2419705,,482.56,0,2.32,O=C(c1ccc(F)cc1)C1CCN(CC(=O)N(Cc2nc3c(c(=O)[nH]2)COCC3)CC2CC2)CC1,19000
CHEMBL2419703,,456.52,0,1.93,CCN(Cc1nc2c(c(=O)[nH]1)COCC2)C(=O)CN1CCC(C(=O)c2ccc(F)cc2)CC1,19000
CHEMBL3919581,,532.62,1,3.67,C[C@@H](c1ccccc1)N(Cc1nc2c(c(=O)[nH]1)COCC2)C(=O)CN1CCC(C(=O)c2ccc(F)cc2)CC1,19000
CHEMBL1594868,,302.4,0,2.93,CC(C)(C)c1ccc(C(=O)Nc2nnc3n2CCS3)cc1,19000
CHEMBL2419701,,484.57,0,2.56,CC(C)CN(Cc1nc2c(c(=O)[nH]1)COCC2)C(=O)CN1CCC(C(=O)c2ccc(F)cc2)CC1,19000
CHEMBL3931845,,424.5,0,1.78,COc1ccc(C(=O)C2CCN(C3CCN(Cc4ncc(C)c(=O)[nH]4)C3=O)CC2)cc1,19000
CHEMBL4109734,,484.57,0,2.7,CC[C@@H](C)N(Cc1nc2c(c(=O)[nH]1)COCC2)C(=O)CN1CCC(C(=O)c2ccc(F)cc2)CC1,19000
CHEMBL3985156,,548.62,1,3.11,COc1cccc(CN(Cc2nc3c(c(=O)[nH]2)COCC3)C(=O)CN2CCC(C(=O)c3ccc(F)cc3)CC2)c1,19000
CHEMBL3987175,,568.6,1,3.94,CC(c1ccc(F)cc1F)N(Cc1nc2c(c(=O)[nH]1)COCC2)C(=O)CN1CCC(C(=O)c2ccc(F)cc2)CC1,19000
CHEMBL3940683,,498.58,0,1.42,COCCN(Cc1nc2c(c(=O)[nH]1)COCC2)C(=O)CN1CCC(C(=O)c2ccc(OC)cc2)CC1,19000
CHEMBL3946798,,504.53,1,2.04,COc1cccc(C(=O)C2CCN(CC(=O)N(Cc3nc4c(c(=O)[nH]3)COCC4)CC(F)F)CC2)c1,19000
CHEMBL2419694,,425.51,0,2.77,O=C(CCc1cccc(O)c1)N(Cc1nc2c(c(=O)[nH]1)COCC2)Cc1cccs1,19000
CHEMBL2419702,,470.55,0,2.32,CCCN(Cc1nc2c(c(=O)[nH]1)COCC2)C(=O)CN1CCC(C(=O)c2ccc(F)cc2)CC1,19000
CHEMBL4113551,,550.61,1,3.81,C[C@H](c1ccc(F)cc1)N(Cc1nc2c(c(=O)[nH]1)COCC2)C(=O)CN1CCC(C(=O)c2ccc(F)cc2)CC1,19000
CHEMBL3945618,,536.58,1,3.24,O=C(c1ccc(F)cc1)C1CCN(CC(=O)N(Cc2nc3c(c(=O)[nH]2)COCC3)Cc2ccccc2F)CC1,19000
CHEMBL3983088,,492.5,0,2.17,O=C(c1ccc(F)cc1)C1CCN(CC(=O)N(Cc2nc3c(c(=O)[nH]2)COCC3)CC(F)F)CC1,19000
CHEMBL3913243,,549.63,1,3.04,N#Cc1ccc(CN(Cc2nc3c(c(=O)[nH]2)COCC3)C(=O)CN2CCC(C(=O)c3ccc(F)cc3)CC2)s1,19000
CHEMBL2419700,,519.58,1,2.5,O=C(c1ccc(F)cc1)C1CCN(CC(=O)N(Cc2ccccn2)Cc2nc3c(c(=O)[nH]2)COCC3)CC1,19000
CHEMBL3940284,,496.58,0,2.7,C[C@@H](C1CC1)N(Cc1nc2c(c(=O)[nH]1)COCC2)C(=O)CN1CCC(C(=O)c2ccc(F)cc2)CC1,19000
CHEMBL3941313,,510.49,1,2.47,O=C(c1ccc(F)cc1)C1CCN(CC(=O)N(Cc2nc3c(c(=O)[nH]2)COCC3)CC(F)(F)F)CC1,19000
CHEMBL2419701,,484.57,0,2.56,CC(C)CN(Cc1nc2c(c(=O)[nH]1)COCC2)C(=O)CN1CCC(C(=O)c2ccc(F)cc2)CC1,19000
CHEMBL3914416,,536.58,1,3.24,O=C(c1ccc(F)cc1)C1CCN(CC(=O)N(Cc2ccc(F)cc2)Cc2nc3c(c(=O)[nH]2)COCC3)CC1,19000
CHEMBL3964642,,498.6,0,2.95,CC[C@H](C)CN(Cc1nc2c(c(=O)[nH]1)COCC2)C(=O)CN1CCC(C(=O)c2ccc(F)cc2)CC1,19000
CHEMBL3965278,,466.51,0,1.54,C#CCN(Cc1nc2c(c(=O)[nH]1)COCC2)C(=O)CN1CCC(C(=O)c2ccc(F)cc2)CC1,19000
CHEMBL3955426,,532.64,1,2.58,CC#CCOc1ccc(C(=O)C2CCN(CC(=O)N(Cc3nc4c(c(=O)[nH]3)COCC4)CC3CC3)CC2)cc1,19000
CHEMBL5083566,,259.33,0,3.53,CC(C)Oc1ccc2c(=O)[nH]c3sccc3c2c1,19000
CHEMBL251030,,397.88,0,4.44,O=c1[nH]c(CCCN2CC=C(c3ccc(F)cc3)CC2)nc2c(Cl)cccc12,20000
CHEMBL5190481,,418.88,0,3.61,O=c1[nH]c(CCCN2CCN(c3ccc(F)cc3F)CC2)nc2c(Cl)cccc12,22000
CHEMBL562310,,409.45,0,3.8,O=C(Nc1cccc2cccnc12)c1ccc(N2C(=O)[C@@H]3[C@H](C2=O)[C@@H]2C=C[C@H]3C2)cc1,25000
CHEMBL5196187,,383.44,0,3.69,CCc1cc2ccc(CN3CCN(c4ccc(F)cc4F)CC3)cc2[nH]c1=O,26000
CHEMBL4877975,,574.46,2,6.74,O=c1cc(-c2cccc(-c3c(O)cc(O)c4c(=O)cc(-c5ccc(C(F)(F)F)cc5)oc34)c2)oc2cc(O)cc(O)c12,26400
CHEMBL5184823,,238.25,0,2.45,N#Cc1ccc(Oc2ccc(C(N)=O)cc2)cc1,27000
CHEMBL16861,,236.27,0,3.77,Cc1ccc(-c2cc(=O)c3ccccc3o2)cc1,27542.29
CHEMBL16861,,236.27,0,3.77,Cc1ccc(-c2cc(=O)c3ccccc3o2)cc1,27800
CHEMBL5176615,,388.48,0,2.44,Cc1cnc(N2CCN(Cc3ccc4c(c3)[nH]c(=O)c3ncccc34)CC2)n1C,28000
CHEMBL4847220,,538.46,3,5.13,O=c1cc(-c2cccc(-c3c(O)cc(O)c4c(=O)cc(-c5ccc(O)c(O)c5)oc34)c2)oc2cc(O)cc(O)c12,29500
CHEMBL5191676,,322.39,0,2.69,CC#Cc1ccc2c(=O)[nH]c(CSc3ncccn3)nc2c1C,30000
CHEMBL5207717,,364.43,0,3.59,CC#Cc1ccc2c(=O)[nH]c(CSc3ccc(C(=O)O)cc3)nc2c1C,30000
CHEMBL2419706,,494.59,0,2.18,COc1ccc(C(=O)C2CCN(CC(=O)N(Cc3nc4c(c(=O)[nH]3)COCC4)CC3CC3)CC2)cc1,32000
CHEMBL2431867,,264.32,0,4.58,CC(C)c1ccc(-c2cc(=O)c3ccccc3o2)cc1,34673.69
CHEMBL2431867,,264.32,0,4.58,CC(C)c1ccc(-c2cc(=O)c3ccccc3o2)cc1,34900
CHEMBL562310,,409.45,0,3.8,O=C(Nc1cccc2cccnc12)c1ccc(N2C(=O)[C@@H]3[C@H](C2=O)[C@@H]2C=C[C@H]3C2)cc1,35000
CHEMBL5179279,,418.5,0,1.7,CCc1cc2ncc(CN3C[C@@H]4C[C@H]3CN4c3ccc(C(=O)NC)nc3)cc2[nH]c1=O,37656
CHEMBL5186967,,205.26,0,1.96,NC(=O)c1ccc(OCC2CCC2)cc1,38000
CHEMBL4303397,,252.27,0,1.84,Cn1cccc1/C=C1\C(=O)NC(=O)c2ccccc21,40000
CHEMBL5198692,,191.23,0,1.57,NC(=O)c1ccc(OCC2CC2)cc1,53000
CHEMBL2419712,,409.51,0,3.07,O=C(CCc1ccccc1)N(Cc1nc2c(c(=O)[nH]1)COCC2)Cc1cccs1,56400
CHEMBL5078132,,386.27,1,5.08,O=c1[nH]c2sccc2c2cc(OCc3cccc(Br)c3)ccc12,60000
CHEMBL449635,,151.16,0,0.79,COc1ccc(C(N)=O)cc1,77000
CHEMBL5076823,,307.37,0,4.32,O=c1[nH]c2sccc2c2cc(OCc3ccccc3)ccc12,87000
CHEMBL4287262,,257.25,0,2.28,NC(=O)c1ccc(Oc2ccc(C(=O)O)cc2)cc1,100000
CHEMBL4208737,,245.25,0,2.5,NC(=O)c1ccc(OCc2ccccc2F)cc1,100000
CHEMBL4545565,,306.29,0,3.36,Cc1c(-c2ccnc(C(F)(F)F)c2)ccc2c1CCNC2=O,100000
CHEMBL3752492,,458.91,1,5.37,COc1ccc(C(=O)Nc2ccc(C(=O)N(c3ccncn3)c3ccccc3Cl)cc2)cc1,100000
CHEMBL4095003,,468.91,0,4.01,N#Cc1ccc2c(c1)[nH]c(=O)n2[C@H]1C[C@H](c2nnc(-c3ccncn3)n2-c2ccccc2Cl)C1,100000
CHEMBL3752386,,468.94,0,4.67,COc1ccc(C2(CNC(=O)c3ccc(NC(=O)c4ccco4)cc3Cl)CCOCC2)cc1,100000
CHEMBL3098935,,399.45,0,4.32,Cc1cccc2c(=O)[nH]c(-c3ccc(CNC(=O)OCc4ccccc4)cc3)nc12,100000
CHEMBL3594136,,266.34,0,3.66,CC(C)c1ccc(C2NC(=O)c3ccccc3N2)cc1,100000
CHEMBL3594137,,280.37,0,3.84,CC(C)(C)c1ccc(C2NC(=O)c3ccccc3N2)cc1,100000
CHEMBL2325503,,529.97,1,4.48,CS(=O)(=O)c1ccc(-c2nnc(/C=C/c3nnc(-c4ccc(C#N)cc4)o3)n2-c2ccccc2Cl)nc1,100000
CHEMBL4287655,,241.25,0,2.39,NC(=O)c1ccc(Oc2ccc(C=O)cc2)cc1,100000
CHEMBL5198615,,336.18,0,3.14,COc1cc(OCc2cccc(Br)c2)ccc1C(N)=O,100000
CHEMBL5183715,,223.25,0,2.1,NC(=O)c1ccc(OCC2CCC2)cc1F,100000
CHEMBL4293771,,306.16,0,3.13,NC(=O)c1ccc(OCc2cccc(Br)c2)cc1,100000
CHEMBL2058057,,301.14,0,3.35,O=c1[nH]c(-c2ccc(Br)cc2)nc2ccccc12,100000
CHEMBL1438938,,256.26,0,1.68,NC(=O)c1ccc(Oc2ccc(C(N)=O)cc2)cc1,100000
CHEMBL5091585,,245.3,0,3.14,CCOc1ccc2c(=O)[nH]c3sccc3c2c1,100000
CHEMBL2325503,,529.97,1,4.48,CS(=O)(=O)c1ccc(-c2nnc(/C=C/c3nnc(-c4ccc(C#N)cc4)o3)n2-c2ccccc2Cl)nc1,100000
CHEMBL5185078,,234.28,0,1.82,NC(=O)c1ccc(OCc2cncs2)cc1,100000
CHEMBL5185276,,263.34,0,2.75,COc1cc(OCC2CCCCC2)ccc1C(N)=O,100000
CHEMBL5192839,,260.29,0,1.79,O=c1[nH][nH]c(=O)c2cc(OCC3CCCC3)ccc12,100000
CHEMBL1438938,,256.26,0,1.68,NC(=O)c1ccc(Oc2ccc(C(N)=O)cc2)cc1,100000
CHEMBL1956162,,411.46,0,4.02,O=C(Nc1cccc2cccnc12)c1ccc(N2C(=O)[C@@H]3[C@@H]4CC[C@@H](C4)[C@@H]3C2=O)cc1,100000
CHEMBL5178227,,233.31,0,2.74,NC(=O)c1ccc(OCC2CCCCC2)cc1,100000
CHEMBL5179164,,333.43,0,1.25,NC(=O)c1ccc(OCC2CCC2)cc1OCCN1CCNCC1,100000
CHEMBL5187187,,246.27,0,1.4,O=c1[nH][nH]c(=O)c2cc(OCC3CCC3)ccc12,100000
CHEMBL5200521,,274.3,0,1.86,O=c1[nH][nH]c(=O)c2cc(OCc3ccsc3)ccc12,100000
CHEMBL5176918,,307.35,0,3.53,COc1cc(OCc2cccc3ccccc23)ccc1C(N)=O,100000
CHEMBL5194963,,275.28,0,2.51,COc1cc(OCc2ccccc2F)ccc1C(N)=O,100000
CHEMBL5174106,,275.28,0,2.51,COc1ccccc1COc1ccc(C(N)=O)c(F)c1,100000
CHEMBL1438938,,256.26,0,1.68,NC(=O)c1ccc(Oc2ccc(C(N)=O)cc2)cc1,100000
CHEMBL5173129,,340.42,0,3.72,NC(=O)c1ccc(OCC2CCCCC2)cc1OCc1ccccn1,100000
CHEMBL1438938,,256.26,0,1.68,NC(=O)c1ccc(Oc2ccc(C(N)=O)cc2)cc1,100000
CHEMBL5181107,,232.24,0,1.01,O=c1[nH][nH]c(=O)c2cc(OCC3CC3)ccc12,100000
CHEMBL5206305,,219.28,0,2.35,NC(=O)c1ccc(OCC2CCCC2)cc1,100000
CHEMBL5171357,,347.17,0,2.56,O=c1[nH][nH]c(=O)c2cc(OCc3cccc(Br)c3)ccc12,100000
CHEMBL5200358,,286.26,0,1.93,O=c1[nH][nH]c(=O)c2cc(OCc3ccccc3F)ccc12,100000
CHEMBL5198984,,251.3,0,2.88,NC(=O)c1ccc(OCC2CCCCC2)cc1F,100000
CHEMBL5186481,,324.15,0,3.27,NC(=O)c1ccc(OCc2cccc(Br)c2)cc1F,100000
CHEMBL5181947,,274.32,0,2.18,O=c1[nH][nH]c(=O)c2cc(OCC3CCCCC3)ccc12,100000
CHEMBL4641161,,499.6,0,3.73,O=C1NC2(CCN(C(=O)CCSc3nc4ccccc4c(=O)[nH]3)CC2)Nc2cc3ccccc3cc21,132000
CHEMBL3099716,,443.55,1,5.12,CC1(C)OC(=O)N([C@H]2CC[C@H](c3cnc(N)c(-c4ncccn4)c3)CC2)[C@H]1c1ccccc1,170000
CHEMBL2381936,,462.53,0,4.78,CC1(C)OC(=O)N([C@H]2CC[C@H](NC(=O)c3ccnc4cc(F)cnc34)CC2)[C@H]1c1ccccc1,170000
CHEMBL562310,,409.45,0,3.8,O=C(Nc1cccc2cccnc12)c1ccc(N2C(=O)[C@@H]3[C@H](C2=O)[C@@H]2C=C[C@H]3C2)cc1,170000
CHEMBL3099718,,390.49,0,4.53,CC1(C)OC(=O)N([C@H]2CC[C@H](c3cnc(N)c(C#N)c3)CC2)[C@H]1c1ccccc1,170000
CHEMBL3099720,,437.5,1,5.26,CC1(C)OC(=O)N(c2ccc(-c3cnc(N)c(-c4ncccn4)c3)cc2)[C@H]1c1ccccc1,170000
CHEMBL2381946,,448.5,0,4.8,CC1(C)OC(=O)N([C@H]2CC[C@H](n3c(=O)[nH]c4c(F)c(C#N)ccc43)CC2)[C@H]1c1ccccc1,170000
CHEMBL4786454,,524.28,1,2.75,COc1cc(/C=N/NC(=S)NCCCN2CCOCC2)c(Br)c(Br)c1OC,1000000
CHEMBL4797458,,383.06,0,2.09,COc1cc(/C=N/NC(N)=S)c(Br)c(Br)c1O,1000000
CHEMBL4799284,,397.09,0,2.4,COc1cc(/C=N/NC(N)=S)c(Br)c(Br)c1OC,1000000
CHEMBL4797518,,545.25,1,4.73,CCOC(=O)c1ccc(NC(=S)N/N=C/c2cc(OC)c(OC)c(Br)c2Br)cc1,1000000
